"Front";"Back";"Tags"
"<strong>In a multi-company setup, how can you allow a customer record to be shared across all companies?</strong><br><br>A) This is not possible because each customer is restricted to a single company.<br>B) Leave the ""Company"" field empty on the contact record (Sales & Purchase Tab).<br>C) Enable an option called Accessible to Everyone on the contact.";"✅ <strong>Jawaban: B) Leave the ""Company"" field empty on the contact record (Sales & Purchase Tab).</strong>";"odoo19::introduction"
"<strong>Why can you sort by some fields in a list view but not by others?</strong><br><br>A) You can only sort simple fields, not relational fields.<br>B) You can only sort fields that are not computed.<br>C) You can only sort fields stored in the database.";"✅ <strong>Jawaban: C) You can only sort fields stored in the database.</strong>";"odoo19::introduction"
"<strong>What is the difference between a message/discussion and a log note in the chatter?</strong><br><br>A) A message/discussion is sent to the customer and notifies all followers, while a log note is only visible internally or via @mentions.<br>B) A message/discussion is posted publicly on the record, while a log note is meant for internal updates or team collaboration.<br>C) A message/discussion sends notifications to external contacts, while a log note keeps communication limited to internal followers.";"✅ <strong>Jawaban: C) A message/discussion sends notifications to external contacts, while a log note keeps communication limited to internal followers.</strong>";"odoo19::introduction"
"<strong>What action(s) need to be taken on the Odoo dashboard to order the placement of the icons?</strong><br><br>A) Enable edit mode from the dashboard settings, then use the ""Arrange Apps"" option to drag icons into place.<br>B) Open the user menu, select ""Customize Dashboard,"" and reorder the apps by dragging them in the list view.<br>C) Click on an app icon and hold the mouse button down; the icon will tilt slightly, allowing it to be dragged into a new position within the app grid.";"✅ <strong>Jawaban: C) Click on an app icon and hold the mouse button down; the icon will tilt slightly, allowing it to be dragged into a new position within the app grid.</strong>";"odoo19::introduction"
"<strong>How can you bulk add or remove followers from multiple records in Odoo?</strong><br><br>A) In List View, select the records, click Actions, then choose Add/Remove Followers.<br>B) In Form View, open each record and manage followers individually under the chatter.<br>C) From Settings > Users & Companies, update the follower lists for all related records.";"✅ <strong>Jawaban: A) In List View, select the records, click Actions, then choose Add/Remove Followers.</strong>";"odoo19::introduction"
"<strong>What happens to the fields of secondary contacts when merging into a master contact?</strong><br><br>A) Odoo discards all information from secondary contacts except for linked records.<br>B) Fields in the master record remain, and non-empty fields from the secondary records are merged in.<br>C) All fields from secondary contacts overwrite the data in the master contact.";"✅ <strong>Jawaban: B) Fields in the master record remain, and non-empty fields from the secondary records are merged in.</strong>";"odoo19::introduction"
"<strong>A customer buys a sweater under a pricelist that includes a 10% discount, rounds to the nearest $1.00, and has a -0.10 extra fee. If the sweater's sale price is $99, what is the final cost for this product after applying the pricelist's rules?</strong><br><br>A) $89.10<br>B) $88.90<br>C) $89.99";"✅ <strong>Jawaban: B) $88.90</strong>";"odoo19::sales"
"<strong>Where can you see the profit margin for a given sales order?</strong><br><br>A) Margins are only calculated for all of the orders in each quarter<br>B) Margins for a sales order can be found on the sales order itself, so long as the ""Margins"" checkbox has been ticked in the Sales app settings<br>C) Margins can only be viewed by going to the Reporting header and clicking ""Margins""";"✅ <strong>Jawaban: B) Margins for a sales order can be found on the sales order itself, so long as the ""Margins"" checkbox has been ticked in the Sales app settings</strong>";"odoo19::sales"
"<strong>How do you view Margins in the Sales Analysis dashboard?</strong><br><br>A) Margins are visible by default in this dashboard<br>B) Clear all existing filters and search for ""Margin""<br>C) Click the ""Measures"" drop-down menu and select ""Margin""";"✅ <strong>Jawaban: C) Click the ""Measures"" drop-down menu and select ""Margin""</strong>";"odoo19::sales"
"<strong>What condition must be true when using a default unit of measure and purchase unit of measure?</strong><br><br>A) The two units of measure must share the same reference unit<br>B) The two units of measure cannot share the same reference unit<br>C) The two units of measure must have the same unit name as each other";"✅ <strong>Jawaban: A) The two units of measure must share the same reference unit</strong>";"odoo19::sales"
"<strong>Regarding pricelists and the unit price of a product in a quotation, which of the following is true?</strong><br><br>A) For a product with a pricelist, that price will override the Sales Price on the product's form<br>B) Whenever you change the associated pricelist on a quotation, the product's unit price is automatically recomputed<br>C) Both are true";"✅ <strong>Jawaban: A) For a product with a pricelist, that price will override the Sales Price on the product's form</strong>";"odoo19::sales"
"<strong>How could you prevent a specific product from being used in quotations?</strong><br><br>A) By archiving the product<br>B) By setting a blocking warning on the product ('Sale Warnings' setting must be activated)<br>C) Both solutions are correct";"✅ <strong>Jawaban: C) Both solutions are correct</strong>";"odoo19::sales"
"<strong>What's the best way to set up the product form for a product where a consultant will come to the customer's location and conduct a home appraisal?</strong><br><br>A) This should be set up with the Product Type ""Goods"" and the Invoicing Policy ""Delivered quantities"", since the consultant is delivering themself by coming to the customer<br>B) This should be set up with the Product Type ""Service"" and the Invoicing Policy ""Prepaid/Fixed Price"" since the consultant is providing a one-time service<br>C) This should be set up with the Product Type ""Combo"", since the appraisal is a service but coming to the customer's location counts as a delivered good";"✅ <strong>Jawaban: B) This should be set up with the Product Type ""Service"" and the Invoicing Policy ""Prepaid/Fixed Price"" since the consultant is providing a one-time service</strong>";"odoo19::sales"
"<strong>How would you configure a promotion to offer the following: 'Receive a free tote bag with your purchase of $50 or more'?</strong><br><br>A) Create a Conditional Rule with the minimum quantity set to '50' and create a Reward with Reward Type set to 'Discount.' Then, enter 'Free Tote Bag' in the Description On Order field<br>B) Create a Conditional Rule with the minimum purchase set to '50' and create a Reward with a Reward Type set to 'Free Shipping.' Then enter 'Free Tote Bag' in the Description On Order field<br>C) Create a Conditional Rule with the minimum purchase set to '50' and create a Reward with Reward Type set to 'Free Product.' Then, create or select 'Tote Bag' in the Product field";"✅ <strong>Jawaban: C) Create a Conditional Rule with the minimum purchase set to '50' and create a Reward with Reward Type set to 'Free Product.' Then, create or select 'Tote Bag' in the Product field</strong>";"odoo19::sales"
"<strong>You run a small business as a baker. You have a physical storefront where you offer individual loaves of bread, a lunch menu consisting of the customer's choice of sandwich and soft drink, and at-home breadmaking classes. Which of these products best fits the ""Service"" Product Type?</strong><br><br>A) The individual loaves of bread, since baking bread is the service you perform as a baker<br>B) The at-home breadmaking classes, since you are selling an experience and not a physical good<br>C) The lunch menu, since you're letting customers choose items for a complete meal rather than selling them individual baked goods";"✅ <strong>Jawaban: B) The at-home breadmaking classes, since you are selling an experience and not a physical good</strong>";"odoo19::sales"
"<strong>What is a valid configuration for an achievement-based commission plan?</strong><br><br>A) 10% of all sales to a specific customer each quarter<br>B) $1,000 for reaching $25,000 in sales each month<br>C) 5% of the margin of all sales across a specific product category over the course of a year";"✅ <strong>Jawaban: B) $1,000 for reaching $25,000 in sales each month</strong>";"odoo19::sales"
"<strong>How can participants in a Live Session survey receive a bonus for answering questions quickly?</strong><br><br>A) Analyze their response time in Reporting and send them a reward manually.<br>B) Activate Reward quick answers in the Live Session section of the Options tab on the survey form.<br>C) Enable the Score by time option in the Questions tab of the survey.";"✅ <strong>Jawaban: B) Activate Reward quick answers in the Live Session section of the Options tab on the survey form.</strong>";"odoo19::survey"
"<strong>How does a Matrix question work in an Odoo survey?</strong><br><br>A) It requires participants to enter HTML code in their responses.<br>B) It displays a set of rows where participants select an answer from multiple columns.<br>C) It allows participants to retry the same question multiple times without penalty.";"✅ <strong>Jawaban: B) It displays a set of rows where participants select an answer from multiple columns.</strong>";"odoo19::survey"
"<strong>What does clicking See results > Analyze Results on a Survey do?</strong><br><br>A) A side-by-side comparison is created for each participant.<br>B) The survey results are inserted into a Spreadsheet.<br>C) The results are compared across multiple surveys.";"✅ <strong>Jawaban: B) The survey results are inserted into a Spreadsheet.</strong>";"odoo19::survey"
"<strong>What happens when you click one of the colored bars at the top of a kanban stage?</strong><br><br>A) Nothing happens.<br>B) Odoo filters opportunities in that stage by the color code, which represents the current activity status.<br>C) Odoo filters opportunities with a specific activity status across all stages (Planned, Today, Overdue).";"✅ <strong>Jawaban: B) Odoo filters opportunities in that stage by the color code, which represents the current activity status.</strong>";"odoo19::crm"
"<strong>What does the Probability field on an opportunity represent?</strong><br><br>A) The likelihood that the opportunity will move to the next stage in the pipeline.<br>B) The likelihood of receiving a response to a quotation or offer.<br>C) The likelihood of successfully closing the deal with the prospect.";"✅ <strong>Jawaban: C) The likelihood of successfully closing the deal with the prospect.</strong>";"odoo19::crm"
"<strong>What does the Closed Date field indicate on a lead or opportunity?</strong><br><br>A) The date the lead was marked as closed.<br>B) The date the opportunity was marked as won or lost.<br>C) The date the opportunity record was removed from the database.";"✅ <strong>Jawaban: B) The date the opportunity was marked as won or lost.</strong>";"odoo19::crm"
"<strong>How can you manually link an existing sales order to an existing opportunity in Odoo?</strong><br><br>A) Through the Link Documents button on the opportunity.<br>B) Under the Other Info tab on the sales order.<br>C) By creating a new opportunity and merging it with the sales order.";"✅ <strong>Jawaban: B) Under the Other Info tab on the sales order.</strong>";"odoo19::crm"
"<strong>Which of the following is not a Lead Enrichment option on the CRM Settings page?</strong><br><br>A) Enrich leads on demand only.<br>B) Enrich leads based on customer behavior.<br>C) Enrich all leads automatically.";"✅ <strong>Jawaban: B) Enrich leads based on customer behavior.</strong>";"odoo19::crm"
"<strong>How can you filter leads by company size (number of employees) when using the Generate Leads option?</strong><br><br>A) Use the Filter on Size option.<br>B) Only available if you are in Developer Mode.<br>C) Filter based on company revenue instead of size.";"✅ <strong>Jawaban: A) Use the Filter on Size option.</strong>";"odoo19::crm"
"<strong>How can you access an individual sales team's pipeline in Odoo?</strong><br><br>A) Go to Sales > Teams > Pipeline.<br>B) Go to Configuration > Teams > Pipeline.<br>C) Go to Sales > Opportunities and filter by team.";"✅ <strong>Jawaban: A) Go to Sales > Teams > Pipeline.</strong>";"odoo19::crm"
"<strong>What is the shortest interval of time at which automatic rule-based lead assignment can occur in Odoo?</strong><br><br>A) Seconds<br>B) Minutes<br>C) Hours";"✅ <strong>Jawaban: A) Seconds</strong>";"odoo19::crm"
"<strong>What visual indicator shows that an opportunity has ""rotted"" in Odoo?</strong><br><br>A) A red warning icon appears next to the opportunity name in the list view.<br>B) The opportunity's Kanban card is highlighted in red.<br>C) The stage header flashes to indicate a rotted opportunity.";"✅ <strong>Jawaban: A) A red warning icon appears next to the opportunity name in the list view.</strong>";"odoo19::crm"
"<strong>How are leads from external sources, such as an email alias, automatically handled in Odoo?</strong><br><br>A) They are automatically assigned to the sales team leader to ensure follow-up.<br>B) They remain unassigned until a salesperson manually claims them.<br>C) They are assigned randomly to any available salesperson.";"✅ <strong>Jawaban: B) They remain unassigned until a salesperson manually claims them.</strong>";"odoo19::crm"
"<strong>In an AI Agent prompt, what is the purpose of using /field selector?</strong><br><br>A) To reference or update specific fields from a record directly within the prompt.<br>B) To create a shortcut for adding new custom fields to a model.<br>C) To insert predefined text snippets stored in the Knowledge app.";"✅ <strong>Jawaban: A) To reference or update specific fields from a record directly within the prompt.</strong>";"odoo19::ai"
"<strong>What is the purpose of the AI email prompt in Odoo email templates?</strong><br><br>A) To decide when an email should be sent to maximize open rates.<br>B) To help write or enhance parts of an email message based on the template context.<br>C) To automatically detect recipient email addresses from contact records.";"✅ <strong>Jawaban: B) To help write or enhance parts of an email message based on the template context.</strong>";"odoo19::ai"
"<strong>Where can you define the response style (Creative, Balanced, Analytical) for an AI Agent?</strong><br><br>A) On the Agent's configuration form.<br>B) Under General Settings > AI Preferences.<br>C) In each Topic definition individually.";"✅ <strong>Jawaban: A) On the Agent's configuration form.</strong>";"odoo19::ai"
"<strong>When you open a conversation with an AI Agent, what information does it automatically know about the record?</strong><br><br>A) Only the record name and user's message.<br>B) It can access the field values of the record you're viewing, unless restricted by configuration.<br>C) It only knows what's stored in its Sources.";"✅ <strong>Jawaban: B) It can access the field values of the record you're viewing, unless restricted by configuration.</strong>";"odoo19::ai"
"<strong>How many AI Agents can you have in a single Odoo database?</strong><br><br>A) One per installed app.<br>B) A maximum of five active agents per user.<br>C) As many as needed, there's no fixed limit.";"✅ <strong>Jawaban: A) One per installed app.</strong>";"odoo19::ai"
"<strong>Can you use the same mailing list contacts for BOTH email and SMS marketing campaigns?</strong><br><br>A) No, mailing list contacts are specific to the delivery method, and are not interchangeable.<br>B) No, since SMS mailing list contacts do not have an email field, and email marketing lists do not have a phone number field.<br>C) Yes, since mailing list contacts contain both email addresses and phone numbers.";"✅ <strong>Jawaban: A) No, mailing list contacts are specific to the delivery method, and are not interchangeable.</strong>";"odoo19::marketing"
"<strong>Can you create new attendees from an event registration desk kiosk once an event started?</strong><br><br>A) No, registrants MUST register in advance.<br>B) Yes. On the registration desk kiosk, click Select Attendee > New, and enter all the required information.<br>C) No, but Odoo Events automatically creates 10 extra tickets per event, so new attendees can use one, if available";"✅ <strong>Jawaban: A) No, registrants MUST register in advance.</strong>";"odoo19::marketing"
"<strong>What are the two reports available in the 'Email Marketing' application?</strong><br><br>A) Success Rate and Opt-Out Report.<br>B) Bounce Rates and Opportunities.<br>C) Mass Mailing Analysis and Opt-Out Report.";"✅ <strong>Jawaban: A) Success Rate and Opt-Out Report.</strong>";"odoo19::marketing"
"<strong>You've just customized a building block. Where can you reuse it?</strong><br><br>A) You can save it and reuse it anywhere on your website.<br>B) You can save it and reuse it, but only on the page it was created.<br>C) You can save it and reuse it, but only on the homepage.";"✅ <strong>Jawaban: A) You can save it and reuse it anywhere on your website.</strong>";"odoo19::website"
"<strong>Regarding the 'Search Bar' building block, can you customize what the visitor will be searching for?</strong><br><br>A) No, the search bar is only searching for products.<br>B) Yes, you can choose between products, web pages, and blogs (if the related modules are installed).<br>C) Yes, you can choose between appointments, products, web pages, blogs, events, jobs, forums, knowledge articles, and courses (if the related modules are installed) or everything.";"✅ <strong>Jawaban: A) No, the search bar is only searching for products.</strong>";"odoo19::website"
"<strong>You've finished designing the desktop version of your Odoo website. How can you adapt it for the mobile version using the same elements?</strong><br><br>A) You can redesign the mobile version independently from the desktop version, and even have a different themes.<br>B) You can reorder elements, resize columns, and hide specific blocks for mobile without changing the desktop layout.<br>C) You cannot make any changes specific to the mobile version.";"✅ <strong>Jawaban: B) You can reorder elements, resize columns, and hide specific blocks for mobile without changing the desktop layout.</strong>";"odoo19::website"
"<strong>In the 'Optimize SEO' tool, can you choose to fill some fields with AI?</strong><br><br>A) Yes, but only the title and description.<br>B) Yes, but only keywords.<br>C) Yes: title, description, and keywords can be filled with AI.";"✅ <strong>Jawaban: A) Yes, but only the title and description.</strong>";"odoo19::website"
"<strong>Where can you set a custom internal reference for each product variant?</strong><br><br>A) On the product form in the backend, click the Variant smart button.<br>B) On the product form in the backend, in the Sales tab.<br>C) On the product form in the backend, in the Attributes menu.";"✅ <strong>Jawaban: A) On the product form in the backend, click the Variant smart button.</strong>";"odoo19::ecommerce"
"<strong>According to the screenshot below (assuming the attributes 'Fabric' and 'Legs' always generate variants), how many variants will be generated?</strong><br><br>A) 5<br>B) 6<br>C) 2";"✅ <strong>Jawaban: A) 5</strong>";"odoo19::ecommerce"
"<strong>Are there specific ways to display product attributes over a product card on the /shop page?</strong><br><br>A) No, they are always visible.<br>B) Yes, you can choose to display them or not or to display them only on Hover.<br>C) You can only choose to hide them or display them on scroll.";"✅ <strong>Jawaban: A) No, they are always visible.</strong>";"odoo19::ecommerce"
"<strong>Where can you add Optional Products?</strong><br><br>A) On the frontend of the product page with the Editor.<br>B) In Website > eCommerce > Products.<br>C) In the product backend, on the Sales tab.";"✅ <strong>Jawaban: A) On the frontend of the product page with the Editor.</strong>";"odoo19::ecommerce"
"<strong>What articles feature in the 'Shared' category?</strong><br><br>A) Articles shared to all internal users.<br>B) Articles shared with specific users with no default access.<br>C) Article accessible to the author only.";"✅ <strong>Jawaban: B) Articles shared with specific users with no default access.</strong>";"odoo19::knowledge"
"<strong>What type of users can add properties?</strong><br><br>A) Any user accessing an article<br>B) Portal users only<br>C) Users with 'Can edit' access rights";"✅ <strong>Jawaban: A) Any user accessing an article</strong>";"odoo19::knowledge"
"<strong>Which of the following commands allows for hiding and showing a block of content?</strong><br><br>A) Index<br>B) Toggle list<br>C) Separator";"✅ <strong>Jawaban: A) Index</strong>";"odoo19::knowledge"
"<strong>How can you share a task publicly?</strong><br><br>A) By sharing a public link to the task or project<br>B) By setting the task visibility to public<br>C) By setting the project visibility to public";"✅ <strong>Jawaban: A) By sharing a public link to the task or project</strong>";"odoo19::project"
"<strong>Which users can view a private task?</strong><br><br>A) Only the user who created the task and users with the access right ""Project Administrator""<br>B) All users assigned to the task and all users added as followers of the task<br>C) All users added as followers of the task and users with the access right ""Project Administrator""";"✅ <strong>Jawaban: B) All users assigned to the task and all users added as followers of the task</strong>";"odoo19::project"
"<strong>When automatically rescheduling dependent tasks from the Gantt view, which of the following information related to assignees is not taken into account?</strong><br><br>A) Time off<br>B) Working hours<br>C) Calendar";"✅ <strong>Jawaban: C) Calendar</strong>";"odoo19::project"
"<strong>When is a milestone displayed in red?</strong><br><br>A) When one or more of its tasks is marked as canceled<br>B) When the milestone's deadline is today<br>C) When the milestone's deadline has passed and at least one of its tasks is not marked as done or canceled";"✅ <strong>Jawaban: C) When the milestone's deadline has passed and at least one of its tasks is not marked as done or canceled</strong>";"odoo19::project"
"<strong>When creating a task from a project's Kanban view, adding ""24h"" to the task title will:</strong><br><br>A) Add the text ""24h"" to the task's title<br>B) Allocate 24 hours to the task<br>C) Set the task deadline's to be in 24 hours";"✅ <strong>Jawaban: B) Allocate 24 hours to the task</strong>";"odoo19::project"
"<strong>When creating a task from a project's Kanban view, adding ""#priority"" to the title will:</strong><br><br>A) Add a ""priority"" tag to the task<br>B) Set's the task's priority to high<br>C) Add the text ""#priority"" to the task's title";"✅ <strong>Jawaban: B) Set's the task's priority to high</strong>";"odoo19::project"
"<strong>The top bar does not allow you to:</strong><br><br>A) Access records related to your projects without leaving Odoo Project<br>B) Automate task moves between stages<br>C) Add and share custom views";"✅ <strong>Jawaban: B) Automate task moves between stages</strong>";"odoo19::project"
"<strong>The number of analytic accounts that can be set on a project is limited by the number of:</strong><br><br>A) Tasks in the project<br>B) Analytic plans in the project<br>C) Kanban stages in the project";"✅ <strong>Jawaban: B) Analytic plans in the project</strong>";"odoo19::project"
"<strong>What does it mean when a timesheet line is in italics?</strong><br><br>A) It means the line has been invoiced<br>B) It means the line has been validated<br>C) It means the line is related to a project or task for which the user has not yet submitted a timesheet during the displayed period";"✅ <strong>Jawaban: A) It means the line has been invoiced</strong>";"odoo19::timesheets"
"<strong>Which statement is true?</strong><br><br>A) Employees cannot edit a timesheet that predates their most recent validated timesheet<br>B) Employees cannot edit a timesheet when a timesheet from an earlier period has not been validated yet<br>C) Employees cannot edit a timesheet outside their working hours";"✅ <strong>Jawaban: B) Employees cannot edit a timesheet when a timesheet from an earlier period has not been validated yet</strong>";"odoo19::timesheets"
"<strong>What happens when you enable the ""Timesheet Validation"" setting?</strong><br><br>A) Timesheets must be approved by the project manager before they can be submitted<br>B) Employees can only record time after their timesheets are validated by their manager<br>C) Timesheets require validation by a supervisor before being used by the Payroll or Invoicing app";"✅ <strong>Jawaban: C) Timesheets require validation by a supervisor before being used by the Payroll or Invoicing app</strong>";"odoo19::timesheets"
"<strong>Does a time off record automatically create a timesheet?</strong><br><br>A) Always<br>B) Only if the ""Time Off"" setting is enabled<br>C) Never";"✅ <strong>Jawaban: B) Only if the ""Time Off"" setting is enabled</strong>";"odoo19::timesheets"
"<strong>On the ""All Timesheets"" view, what does it mean when a duration is in orange?</strong><br><br>A) It means the employee worked overtime on that day<br>B) It means the employee took time off on that day<br>C) It means the employee worked undertime on that day";"✅ <strong>Jawaban: A) It means the employee worked overtime on that day</strong>";"odoo19::timesheets"
"<strong>A customer invoice with two lines, each with the same account and same 10% tax, is validated. How many items will the generated journal entry have?</strong><br><br>A) 2 journal items<br>B) 3 journal items<br>C) 4 journal items";"✅ <strong>Jawaban: A) 2 journal items</strong>";"odoo19::accounting"
"<strong>What happens when you reconcile a bank transaction with a customer invoice using the bank reconciliation tool?</strong><br><br>A) Odoo creates a new journal entry for the payment and does not change the account of any existing journal entry.<br>B) Odoo updates the bank transaction's journal entry to replace the suspense account with the account receivable of the invoice.<br>C) Odoo updates the invoice journal entry to replace the account receivable with the suspense account of the bank transaction.";"✅ <strong>Jawaban: A) Odoo creates a new journal entry for the payment and does not change the account of any existing journal entry.</strong>";"odoo19::accounting"
"<strong>How can you update exchange rates automatically?</strong><br><br>A) By enabling the Automatic Currency Rates option in the Accounting configuration.<br>B) Exchange rates are automatically updated when a journal entry with a different currency is created.<br>C) By default, currency rates are updated daily and can be manually triggered using the developer mode.";"✅ <strong>Jawaban: A) By enabling the Automatic Currency Rates option in the Accounting configuration.</strong>";"odoo19::accounting"
"<strong>How can you modify a posted journal entry's number?</strong><br><br>A) You can modify a single posted journal entry's number by resetting it to draft and manually changing the number, or you can change them en masse by going into developer mode, selecting the journal entries, and selecting Resequence from the action menu.<br>B) Odoo will only allow users with Bookkeeper access rights for the accounting application to modify a posted journal entry's number. All other users will receive an error message.<br>C) You can modify a single posted journal entry's number by going into developer mode and manually changing the number, or you can change them en masse by selecting the journal entries, resetting them to draft and selecting Resequence from the action menu.";"✅ <strong>Jawaban: A) You can modify a single posted journal entry's number by resetting it to draft and manually changing the number, or you can change them en masse by going into developer mode, selecting the journal entries, and selecting Resequence from the action menu.</strong>";"odoo19::accounting"
"<strong>What information can you define on a contact record?</strong><br><br>A) The default payment method, preferred invoice sending method, and the invoice follow-ups.<br>B) The invoice follow-ups, the payment terms, and the costing method.<br>C) The default payment terms, default payment method, and outstanding account.";"✅ <strong>Jawaban: A) The default payment method, preferred invoice sending method, and the invoice follow-ups.</strong>";"odoo19::accounting"
"<strong>How can you create financial budgets?</strong><br><br>A) Set up analytic plans and accounts first, then create a budget via Accounting > Accounting > Analytic Budget.<br>B) Go to Accounting > Reporting > Profit and Loss, then click the Budget button to display existing budgets and create a new one.<br>C) Go to Accounting > Reporting > Balance Sheet, and select the period. Odoo automatically creates a budget for the selected period.";"✅ <strong>Jawaban: A) Set up analytic plans and accounts first, then create a budget via Accounting > Accounting > Analytic Budget.</strong>";"odoo19::accounting"
"<strong>Can accounts belong to multiple companies?</strong><br><br>A) Yes, but only if the companies are set as branch offices.<br>B) No, each account can only belong to one company.<br>C) Yes, by merging accounts from various companies or mapping multiple companies on an account, each with a code.";"✅ <strong>Jawaban: A) Yes, but only if the companies are set as branch offices.</strong>";"odoo19::accounting"
"<strong>Is it possible to reconcile a bank entry with a draft invoice?</strong><br><br>A) No, draft entries cannot be reconciled with bank transactions because they're not confirmed yet.<br>B) Yes, draft entries can be reconciled, but only if the payment generated a journal entry that uses outstanding accounts.<br>C) Yes, draft invoices can be matched with bank entries for reconciliation.";"✅ <strong>Jawaban: A) No, draft entries cannot be reconciled with bank transactions because they're not confirmed yet.</strong>";"odoo19::accounting"
"<strong>How can you send a payment reminder to a customer for all overdue invoices except one?</strong><br><br>A) In the Invoices list view, search for Overdue invoices and select the desired ones. Then select Invoice Follow-ups in the Actions menu.<br>B) In the customer Follow-up report, enable the toggle in the No Follow-up column for the invoice you want to exclude.<br>C) In the Accounting tab of the customer form, click Send in the Invoice Follow-ups section and select the invoice that needs a reminder.";"✅ <strong>Jawaban: B) In the customer Follow-up report, enable the toggle in the No Follow-up column for the invoice you want to exclude.</strong>";"odoo19::accounting"
"<strong>What do the audit features allow you to do?</strong><br><br>A) Review working files related to selected cycles by performing various checks and balances for a specified period.<br>B) Both review working files and generate a customizable audit report, and control and track changes with a non-restrictive audit trail that is accessible by default to everyone.<br>C) Generate a customizable audit report for that period, including a table of contents, attestations, the balance sheet, a profit and loss statement, annexes, and supporting documents.";"✅ <strong>Jawaban: B) Both review working files and generate a customizable audit report, and control and track changes with a non-restrictive audit trail that is accessible by default to everyone.</strong>";"odoo19::accounting"
"<strong>In perpetual accounting, when purchasing goods to sell them, which actions generate journal entries?</strong><br><br>A) Confirming the vendor bill and confirming the customer invoice.<br>B) Confirming the vendor bill, validating the delivery order, and confirming the customer invoice.<br>C) Validating the receipt, confirming the vendor bill, validating the delivery order, and confirming the customer invoice.";"✅ <strong>Jawaban: C) Validating the receipt, confirming the vendor bill, validating the delivery order, and confirming the customer invoice.</strong>";"odoo19::manually closing a loan will"
"<strong>When you upload an Excel or CSV file and open it with Odoo Spreadsheet, what happens to the original file?</strong><br><br>A) By default, it is deleted, but you can opt to preserve the file.<br>B) The original file is moved to an 'Uploaded Files' folder.<br>C) By default, it is preserved in the same folder unless you check 'Send source file to trash'.";"✅ <strong>Jawaban: A) By default, it is deleted, but you can opt to preserve the file.</strong>";"odoo19::spreadsheet"
"<strong>When a spreadsheet is converted into a dashboard, where is the original spreadsheet saved?</strong><br><br>A) The spreadsheet remains in the Documents app but is automatically set to read-only.<br>B) The spreadsheet is saved in a special Dashboard assets folder, in the Documents app.<br>C) The spreadsheet is deleted from the Documents app and can only be accessed via the Dashboards app.";"✅ <strong>Jawaban: A) The spreadsheet remains in the Documents app but is automatically set to read-only.</strong>";"odoo19::spreadsheet"
"<strong>In a multi-company database with Company A, Company B, and Company C, how can you ensure only users from Company A and Company B can access a new dashboard you create?</strong><br><br>A) In the dashboard configuration, set which companies' users can access the dashboard.<br>B) You need to duplicate the dashboard and assign each copy to a single company.<br>C) This is not possible; any dashboard is visible to all companies present in the database.";"✅ <strong>Jawaban: A) In the dashboard configuration, set which companies' users can access the dashboard.</strong>";"odoo19::spreadsheet"
"<strong>How would you set up a mechanism where the amount of time off an employee gets depends on their number of days worked?</strong><br><br>A) You create a new Time Off type that does not require any approvals.<br>B) You create a new Allocation and set the Allocation Type to ""Accrual Allocation""<br>C) You create a new Time Off type that does not permit Extra Day Requests";"✅ <strong>Jawaban: B) You create a new Allocation and set the Allocation Type to ""Accrual Allocation""</strong>";"odoo19::hr"
"<strong>In the Employees app, what does the History smart button do?</strong><br><br>A) Allows you to revert to any previous contract<br>B) It shows all versions of the Employee record, and allows you to view past records<br>C) Shows all payslips for the employee, grouped by job title and salary";"✅ <strong>Jawaban: A) Allows you to revert to any previous contract</strong>";"odoo19::hr"
"<strong>How do you automatically send an email asking an applicant to schedule an interview in the Recruitment app?</strong><br><br>A) Edit the corresponding stage in the pipeline, and select the email template 'Recruitment: Schedule interview'.<br>B) Select the email template 'Recruitment: Schedule Interview' in the Configuration page for the job position.<br>C) The Recruitment app automatically sends the 'Recruitment: Schedule Interview' email template when the candidate moves to the Qualified stage; there is no further configuration needed";"✅ <strong>Jawaban: A) Edit the corresponding stage in the pipeline, and select the email template 'Recruitment: Schedule interview'.</strong>";"odoo19::hr"
"<strong>How can a user with the required rights change an Employee's presence in the database from Present to Absent?</strong><br><br>A) In the Attendances app dashboard, click on the employee attendance record, and select Absent<br>B) In the Employees app dashboard, click Presence Icon > Absent<br>C) On the Employee record, click Actions > Presence Control > Set Absent";"✅ <strong>Jawaban: B) In the Employees app dashboard, click Presence Icon > Absent</strong>";"odoo19::hr"
"<strong>How can you determine if an employee is out of the office, taking a sick day?</strong><br><br>A) A red stethoscope icon appears on their employee profile<br>B) An orange airplane appears on their employee profile.<br>C) A gray 'Out Of Office' banner appears on their employee profile.";"✅ <strong>Jawaban: A) A red stethoscope icon appears on their employee profile</strong>";"odoo19::hr"
"<strong>What happens to an order when you split a bill?</strong><br><br>A) A sub-order is created.<br>B) The bill is printed.<br>C) Nothing, you proceed with the same order.";"✅ <strong>Jawaban: A) A sub-order is created.</strong>";"odoo19::pos"
"<strong>If no payment method is selected, what is the default one in the register?</strong><br><br>A) Cash.<br>B) Card.<br>C) Customer account.";"✅ <strong>Jawaban: A) Cash.</strong>";"odoo19::pos"
"<strong>If a product set for a late ship is not available, what should you do?</strong><br><br>A) Cancel the order until more units are ordered.<br>B) Update the unit quantity.<br>C) Refund the customer.";"✅ <strong>Jawaban: A) Cancel the order until more units are ordered.</strong>";"odoo19::pos"
"<strong>After the buyer confirms a purchase order, how does the seller create a corresponding sales order using EDI?</strong><br><br>A) The buyer's database automatically pushes the PO into the seller's sales orders list<br>B) The seller downloads the XML from the buyer's portal and uploads it in their Sales app<br>C) In the email the seller receives, the seller clicks the ""Download"" button and uploads the downloaded PDF to the Sales dashboard";"✅ <strong>Jawaban: A) The buyer's database automatically pushes the PO into the seller's sales orders list</strong>";"odoo19::purchase"
"<strong>While using 3-way matching, for products with Invoicing Policy = Received quantities, you upload a vendor bill for the full PO before any receipt. How is it treated?</strong><br><br>A) The bill is created, but ""Should Be Paid?"" = No (fails 3-way match until receipt)<br>B) Bill upload is blocked until at least one receipt is validated<br>C) The bill uploads and is automatically marked payable in full regardless of receipts";"✅ <strong>Jawaban: A) The bill is created, but ""Should Be Paid?"" = No (fails 3-way match until receipt)</strong>";"odoo19::purchase"
"<strong>If you have a product with several vendors assigned to it, which one will be used when an RFQ is automatically generated?</strong><br><br>A) The first vendor on the list matching the minimum quantity condition<br>B) The vendor with the shortest delivery lead time<br>C) The vendor with the cheapest price";"✅ <strong>Jawaban: A) The first vendor on the list matching the minimum quantity condition</strong>";"odoo19::purchase"
"<strong>Using the 'Average Cost' costing method, will the cost in the product form change when you receive products?</strong><br><br>A) Yes<br>B) Yes, but only if the vendor bill arrives at the same time as the product<br>C) No";"✅ <strong>Jawaban: A) Yes</strong>";"odoo19::purchase"
"<strong>When you purchase new products, how is the Expected Arrival date computed on new PO lines?</strong><br><br>A) Order Date - Vendor Lead Time - Company Security Days<br>B) Order Date + Vendor Lead Time<br>C) Order Date + Vendor Lead Time + Company Security Days";"✅ <strong>Jawaban: B) Order Date + Vendor Lead Time</strong>";"odoo19::purchase"
"<strong>When creating a new request for quotation (RFQ), are you able to link it to an existing RFQ as an alternative?</strong><br><br>A) No, alternative RFQs must be created from the 'Alternatives' tab of an existing, pre-populated RFQ with a listed vendor and products<br>B) No, Odoo does not allow multiple RFQs to be linked to each other unless the same vendor is listed on each<br>C) Yes, by clicking 'Link to Existing RfQ', under the 'Alternatives' tab on a new request for quotation";"✅ <strong>Jawaban: A) No, alternative RFQs must be created from the 'Alternatives' tab of an existing, pre-populated RFQ with a listed vendor and products</strong>";"odoo19::purchase"
"<strong>When the '3-way matching' feature is activated, how will you know which vendor bills are ready to be paid for received quantities?</strong><br><br>A) You won't. The '3-way matching' feature only works when the bill control policy is set to 'On ordered quantities'<br>B) The 'Should Be Paid' field will read 'Yes', under the 'Other Info' tab on the vendor bill<br>C) When the vendor bill's status changes from 'In Payment' to 'Paid'";"✅ <strong>Jawaban: A) You won't. The '3-way matching' feature only works when the bill control policy is set to 'On ordered quantities'</strong>";"odoo19::purchase"
"<strong>You set ""Based On"" to Last 7 days and ""Replenish for"" to 15 days. Odoo suggests quantities for several products. What data is Odoo using to generate these suggestions?</strong><br><br>A) It only considers confirmed purchase orders in the last 7 days to compute daily demand, then multiplies by 15<br>B) It averages the price of the product over the last 7 days to compare to what you're paying for the next 15 days to make sure your vendors aren't ripping you off<br>C) It looks at quantities delivered over the past 7 days to compute daily demand, then multiplies by 15 and subtracts on-hand stock";"✅ <strong>Jawaban: C) It looks at quantities delivered over the past 7 days to compute daily demand, then multiplies by 15 and subtracts on-hand stock</strong>";"odoo19::purchase"
"<strong>You're reviewing the Forecasted report for a product that's running low. The ""Time to Replenish"" field shows 5 days. What does this tell you?</strong><br><br>A) You have 5 days to decide to replenish before your stock runs into critically low levels<br>B) The product can't be replenished sooner than 5 days because the vendor is out<br>C) If you order today, the product would arrive in 5 days, based on today's date and configured lead times";"✅ <strong>Jawaban: A) You have 5 days to decide to replenish before your stock runs into critically low levels</strong>";"odoo19::purchase"
"<strong>Your warehouse is set up to deliver in three steps: pick, pack, and ship. In the 'Pick' step, you are supposed to pick 10 chairs and 5 desks, but you accidentally pick 15 chairs and 2 desks. You select 'No Backorder' during the process. What will be the result in the 'Pack' step?</strong><br><br>A) 15 chairs, 2 desks<br>B) 10 chairs and 5 desks<br>C) 10 chairs, 2 desks";"✅ <strong>Jawaban: A) 15 chairs, 2 desks</strong>";"odoo19::purchase"
"<strong>When performing an inventory adjustment that increases a product's stock from 0 to 5 units, what are the 'Location Types' of the locations involved in the resulting stock move?</strong><br><br>A) A move from an 'Internal Location' to an 'Inventory Adjustment' location<br>B) A move from an 'Inventory Loss' location to an 'Internal Location'<br>C) A move between two 'Internal Locations'";"✅ <strong>Jawaban: A) A move from an 'Internal Location' to an 'Inventory Adjustment' location</strong>";"odoo19::purchase"
"<strong>Which of the following does NOT create stock moves?</strong><br><br>A) Dragging serial or lot numbers between locations in the Locations (Kanban) view<br>B) Using the Relocate button on the Inventory Adjustments dashboard<br>C) Going to Inventory > Reporting > Moves History page and clicking New";"✅ <strong>Jawaban: A) Dragging serial or lot numbers between locations in the Locations (Kanban) view</strong>";"odoo19::purchase"
"<strong>If a product has been reserved for sales orders and you perform an 'Inventory Adjustment' to set the on-hand quantity to 0, what will happen to the forecasted quantity of that product?</strong><br><br>A) The forecasted quantity is updated to 0<br>B) There's no change to the forecasted quantity<br>C) The forecasted quantity becomes negative, and the product is marked as ""Not Available"" on any current delivery orders";"✅ <strong>Jawaban: A) The forecasted quantity is updated to 0</strong>";"odoo19::purchase"
"<strong>When you update on-hand quantities from 5 units to 4 for a specific product, what stock moves are created?</strong><br><br>A) A move of 4 units from an 'Internal Location' to an 'Inventory Loss' location<br>B) A move of 1 unit from an 'Internal Location' to an 'Inventory Loss' location<br>C) A move of 1 unit from an 'Inventory Loss' location to an 'Internal Location'";"✅ <strong>Jawaban: A) A move of 4 units from an 'Internal Location' to an 'Inventory Loss' location</strong>";"odoo19::purchase"
"<strong>You're configuring a packaging called ""Pack of 6"" to sell six soda bottles together. Soda's base unit of measure is units. You set the Package Type to Carton (representing the cardboard six-pack holder). On a delivery order for 6 units of soda and click ""Put in Pack"", what effect does this configuration have?</strong><br><br>A) Create a new package with the Package Type ""Carton"", with all 6 sodas inside<br>B) Create a new package with the Package Type ""Carton"", with all 6 sodas inside, but the unit is converted to 1 ""Pack of 6"" on the delivery order<br>C) Creates one package containing all 6 sodas, but no Package Type is set, because it's not a thing";"✅ <strong>Jawaban: A) Create a new package with the Package Type ""Carton"", with all 6 sodas inside</strong>";"odoo19::purchase"
"<strong>Where is the ""Count Entire Locations"" Barcode feature configured?</strong><br><br>A) In Inventory > Configuration > Settings, under the Barcode section, enable the ""Count Entire Locations"" feature<br>B) Go to the Locations configuration page and enable the ""Count Entire Locations"" feature<br>C) In the Barcode app, click ""Count inventory"", click the gear icon (settings) menu, and enable ""Count Entire Locations""";"✅ <strong>Jawaban: A) In Inventory > Configuration > Settings, under the Barcode section, enable the ""Count Entire Locations"" feature</strong>";"odoo19::purchase"
"<strong>What does the 'i' button on the Replenishment dashboard NOT do?</strong><br><br>A) Display the forecasted arrival date of the product<br>B) Triggers the reordering rule<br>C) Display lead times";"✅ <strong>Jawaban: A) Display the forecasted arrival date of the product</strong>";"odoo19::purchase"
"<strong>I want to configure a specific route in my warehouse for FedEx, but it needs to be different than the route we use for DHL. I can do this by:</strong><br><br>A) Going to Inventory > Configuration > Shipping Methods and choosing a routes for the Routes field.<br>B) Click the ""Quality Checks"" button available on transfers configured with a quality control point<br>C) Create a custom route for the shipping method and setting it in the Routes field in Inventory > Configuration > Delivery Methods";"✅ <strong>Jawaban: A) Going to Inventory > Configuration > Shipping Methods and choosing a routes for the Routes field.</strong>";"odoo19::purchase"
"<strong>You want to trigger quality checks when products arrive from vendors. How should you configure this?</strong><br><br>A) Create a quality control point on the ""Receipt"" operation type<br>B) Create a control point on the ""Vendor Reception"" operation type<br>C) Create a quality check for each specific vendor";"✅ <strong>Jawaban: A) Create a quality control point on the ""Receipt"" operation type</strong>";"odoo19::mrp"
"<strong>Your MPS shows a forecasted demand of 110 units for a product with a BoM Batch Size of 40. What happens when you click ""Order""?</strong><br><br>A) 3 MOs are created, with 40 units in two MOs, and 30 units in the third MO<br>B) 3 MOs are created, 40 units each<br>C) 4 MOs with 30 each";"✅ <strong>Jawaban: A) 3 MOs are created, with 40 units in two MOs, and 30 units in the third MO</strong>";"odoo19::mrp"
"<strong>A MO produces 5 products tracked by serial numbers. How do you generate serial numbers for all finished products?</strong><br><br>A) Enable the ""Custom Lot/Serial"" feature for the product, then click ""Generate Serial"". This creates five serial numbers in the Lot/Serial Number field<br>B) It's not possible to have more than one serial number in the ""Lot/Serial Number"" field, so Odoo creates backorders for the remaining four unassigned serial numbers<br>C) You must manually create five separate Manufacturing Orders, each for quantity 1, so that Odoo assigns a serial number to each finished product individually";"✅ <strong>Jawaban: A) Enable the ""Custom Lot/Serial"" feature for the product, then click ""Generate Serial"". This creates five serial numbers in the Lot/Serial Number field</strong>";"odoo19::mrp"
"<strong>What do the additional row options Actual Demand Y-1 and Actual Demand Y-2 refer to in the Master Production Schedule (MPS)?</strong><br><br>A) The quantity of products sold at this time last year and two years ago, respectively<br>B) The quantity of products delivered to customer locations at the same time last year and two years ago, respectively<br>C) The demand forecast input in the MPS this time last year and two years ago respectively";"✅ <strong>Jawaban: A) The quantity of products sold at this time last year and two years ago, respectively</strong>";"odoo19::mrp"
"<strong>When alternative work centers are configured, which work center will Odoo select for work orders?</strong><br><br>A) The work center with the highest capacity<br>B) The work center with the lowest cost per hour<br>C) The work center that will finish the task the soonest";"✅ <strong>Jawaban: C) The work center that will finish the task the soonest</strong>";"odoo19::mrp"
"<strong>You've configured your manufacturing process to happen in two steps: pick components, and then manufacture. You decide to produce more, what happens with the pre-production picking?</strong><br><br>A) Nothing at first, and once you confirm the picking, a backorder is created to make up the missing quantities<br>B) The component quantities are updated to reflect the new quantities needed<br>C) A warning is raised to reflect that the original quantity does not fulfill the updated demand. You have to click ""Update Quantity""";"✅ <strong>Jawaban: A) Nothing at first, and once you confirm the picking, a backorder is created to make up the missing quantities</strong>";"odoo19::mrp"
"<strong>What must happen in order to mark a subcontracted order as complete?</strong><br><br>A) The subcontractor must validate component consumption from the subcontracting portal<br>B) The user must validate the receipt of the product from the subcontractor<br>C) The finished product must be shipped";"✅ <strong>Jawaban: A) The subcontractor must validate component consumption from the subcontracting portal</strong>";"odoo19::mrp"
"<strong>Which app is the Shop Floor module installed alongside?</strong><br><br>A) Accounting<br>B) Manufacturing<br>C) Maintenance";"✅ <strong>Jawaban: A) Accounting</strong>";"odoo19::mrp"
"<strong>Which of the following is NOT shown on the card for an MO on the Shop Floor dashboard?</strong><br><br>A) The estimated time to complete the MO<br>B) The MO number<br>C) The product being manufactured";"✅ <strong>Jawaban: A) The estimated time to complete the MO</strong>";"odoo19::mrp"
"<strong>What happens when no employees are listed in the 'Allowed Employees' field on a work center form?</strong><br><br>A) No employee is allowed to operate the work center<br>B) It is not possible to leave the 'Allowed Employees' field blank<br>C) Any employee is allowed to operate the work center";"✅ <strong>Jawaban: C) Any employee is allowed to operate the work center</strong>";"odoo19::mrp"
"<strong>Where do you find the cost of processing a specific work order?</strong><br><br>A) Manufacturing app -> Operations -> Manufacturing Orders -> select MO -> Overview -> Operations section<br>B) Manufacturing app -> Operations -> Manufacturing Orders -> select MO -> Work Orders tab<br>C) Manufacturing app -> Operations -> Work Orders -> select work order";"✅ <strong>Jawaban: A) Manufacturing app -> Operations -> Manufacturing Orders -> select MO -> Overview -> Operations section</strong>";"odoo19::mrp"
"<strong>What does it mean when a work center is operating at ""reduced speed""?</strong><br><br>A) The work center is operating more slowly than usual<br>B) The work center does not have enough employees staffing it<br>C) The work center is processing a work order that has exceeded its expected duration";"✅ <strong>Jawaban: A) The work center is operating more slowly than usual</strong>";"odoo19::mrp"
"<strong>Which relational field type must exist for a One2Many field to function?</strong><br><br>A) Related Field.<br>B) Many2Many.<br>C) Many2One.";"✅ <strong>Jawaban: C) Many2One.</strong>";"odoo19::studio"
"<strong>Which property should you use on a field if you want to display an example of how the field should be completed (e.g., 'Enter up to 50 characters')?</strong><br><br>A) Placeholder.<br>B) Help Tooltip.<br>C) Default Value.";"✅ <strong>Jawaban: A) Placeholder.</strong>";"odoo19::studio"
"<strong>A dynamic table in a report is based on a relational field. Which type(s) of relational fields can be used for this purpose?</strong><br><br>A) Many2One only.<br>B) Related Fields only.<br>C) One2Many or Many2Many.";"✅ <strong>Jawaban: C) One2Many or Many2Many.</strong>";"odoo19::studio"
"<strong>When setting up an approval step on a button, which option, if enabled, prevents a user who approves one step from approving any other step on the same record?</strong><br><br>A) Exclusive Approval.<br>B) Approval Order.<br>C) Sequential Approval.";"✅ <strong>Jawaban: A) Exclusive Approval.</strong>";"odoo19::studio"
"<strong>How can you ensure a customer is automatically added as a follower when project changed state to 'In Progress'?</strong><br><br>A) Use the 'Add Followers' action with the type 'Dynamic Followers', then select the appropriate partner field.<br>B) Use the 'Create Activity' action and select the customer's email field.<br>C) Use the 'Send Email' action and set the action to 'Message'.";"✅ <strong>Jawaban: A) Use the 'Add Followers' action with the type 'Dynamic Followers', then select the appropriate partner field.</strong>";"odoo19::studio"
"<strong>When updating a record using AI, how can you insert dynamic values in prompts?</strong><br><br>A) Right-click, select 'Insert Dynamic Placeholder', then select the field.<br>B) Type a field's technical name enclosed in curly brackets, e.g., {customer_id}.<br>C) Type '/' then click 'Field selector' and select the field.";"✅ <strong>Jawaban: A) Right-click, select 'Insert Dynamic Placeholder', then select the field.</strong>";"odoo19::studio"
"<strong>What are the two types of contacts in Odoo?</strong><br><br>A) Person and Company.<br>B) Person and Joint.<br>C) Company and Not-for-Profit.";"✅ <strong>Jawaban: A) Person and Company.</strong>";"odoo19::introduction"
"<strong>What does it mean when a record is archived in Odoo?</strong><br><br>A) Records cannot be archived for traceability purposes.<br>B) When a record is archived in Odoo, it is hidden from regular view, and no longer active.<br>C) When a record is archived, nobody can ever modify it, it's frozen forever.";"✅ <strong>Jawaban: B) When a record is archived in Odoo, it is hidden from regular view, and no longer active.</strong>";"odoo19::introduction"
"<strong>Inside a record, how do you schedule an activity?</strong><br><br>A) Click the ""Activity"" button at the top of the chatter and choose the activity type, due date, assignee, and log a note.<br>B) Click the ""New Activity"" option in the chatter menu and select the activity type, responsible user, and deadline.<br>C) Open the Activities panel from the record header and use ""Add Activity"" to define the activity details.";"✅ <strong>Jawaban: A) Click the ""Activity"" button at the top of the chatter and choose the activity type, due date, assignee, and log a note.</strong>";"odoo19::introduction"
"<strong>What does activating Superuser mode do?</strong><br><br>A) It allows the user to impersonate any other user.<br>B) It allows the user to bypass record rules and access rights.<br>C) It provides the user with temporary Administration Access Rights.";"✅ <strong>Jawaban: A) It allows the user to impersonate any other user.</strong>";"odoo19::introduction"
"<strong>What type of commission plan would you use to reward sales people for hitting a quarterly fixed, predefined sales goal?</strong><br><br>A) A target-based commission plan<br>B) An achievement-based commission plan<br>C) Either a target or achievement-based commission plan";"✅ <strong>Jawaban: A) A target-based commission plan</strong>";"odoo19::sales"
"<strong>If you would like to group specific sales order lines together to generate subtotals, what feature would you use on the quotation/sales order?</strong><br><br>A) Product categories<br>B) Sequences<br>C) Sections";"✅ <strong>Jawaban: C) Sections</strong>";"odoo19::sales"
"<strong>Which of the following actions can customers NOT perform in the customer portal?</strong><br><br>A) Manage pricelists for their most frequently purchased products<br>B) Add funds to their eWallet<br>C) Submit partial payments and down payments for invoices (if the payment terms allow)";"✅ <strong>Jawaban: A) Manage pricelists for their most frequently purchased products</strong>";"odoo19::sales"
"<strong>What does the 'Customer Lead Time' field on a product form represent?</strong><br><br>A) The computed order date based on the quotation date<br>B) The number of days, promised to the customer, between the confirmation of the sales order and the delivery<br>C) Confirmation that the Terms & Conditions will be displayed on the quotation";"✅ <strong>Jawaban: B) The number of days, promised to the customer, between the confirmation of the sales order and the delivery</strong>";"odoo19::sales"
"<strong>You want to create a ""Buy 10 Sandwiches, Get 1 Free"" offer to encourage repeat customers. Which Setting must be activated in the Sales app to allow this?</strong><br><br>A) Discounts, since the free sandwich is technically a normal sandwich sold at a 100% discount<br>B) Pricelists, since you need to create a custom Pricelist with the ""BOGO"" setting activated<br>C) Promotions, Loyalty & Gift Card, since you're creating a loyalty program";"✅ <strong>Jawaban: A) Discounts, since the free sandwich is technically a normal sandwich sold at a 100% discount</strong>";"odoo19::sales"
"<strong>When generating Gift Cards, they can be generated for...</strong><br><br>A) Anonymous Customer<br>B) Selected Customers<br>C) Both";"✅ <strong>Jawaban: C) Both</strong>";"odoo19::sales"
"<strong>Which of the following is NOT a 'Variant Creation' option while creating product attributes?</strong><br><br>A) Instantly<br>B) Formula-based<br>C) Dynamically";"✅ <strong>Jawaban: B) Formula-based</strong>";"odoo19::sales"
"<strong>How do you configure an upsell product to appear on the bottom of another product page in your eCommerce store?</strong><br><br>A) In the 'Sales' tab of your eCommerce product, enter the upsell product in the 'Alternative Products' field<br>B) In your eCommerce website, drag and drop the product from the Odoo product page (open on a separate tab)<br>C) There is no way to add an upsell product to the bottom a product page in the eCommerce store.";"✅ <strong>Jawaban: A) In the 'Sales' tab of your eCommerce product, enter the upsell product in the 'Alternative Products' field</strong>";"odoo19::sales"
"<strong>When a new survey is being created, which of the following is NOT an available survey type option?</strong><br><br>A) Recruitment<br>B) Questionnaire<br>C) Assesment";"✅ <strong>Jawaban: A) Recruitment</strong>";"odoo19::survey"
"<strong>In the 'Options' tab of a survey form, what are the 'Display Progress as' options?</strong><br><br>A) 'Percentage left' and 'Progress bar'.<br>B) 'Percentage left' and 'Number'.<br>C) 'Progress bar' and 'Number'.";"✅ <strong>Jawaban: C) 'Progress bar' and 'Number'.</strong>";"odoo19::survey"
"<strong>Which of the following options is not available in a Live Session?</strong><br><br>A) Survey time limit.<br>B) Scoring without Answers.<br>C) Matrix Questions.";"✅ <strong>Jawaban: A) Survey time limit.</strong>";"odoo19::survey"
"<strong>How can Odoo detect that 2 leads are duplicates and can be merged (not similar leads)?</strong><br><br>A) They share the same email address<br>B) They share the same opportunity name<br>C) They have the exact same tags";"✅ <strong>Jawaban: A) They share the same email address</strong>";"odoo19::crm"
"<strong>What does converting a lead mean?</strong><br><br>A) Creating a lead from a contact card.<br>B) Closing a deal.<br>C) Transforming a lead into an opportunity.";"✅ <strong>Jawaban: C) Transforming a lead into an opportunity.</strong>";"odoo19::crm"
"<strong>What does the Opportunities smart button display on a company's contact record in Odoo?</strong><br><br>A) All opportunities related to the company and its contacts.<br>B) Only opportunities that have been won.<br>C) Only opportunities that have scheduled activities.";"✅ <strong>Jawaban: A) All opportunities related to the company and its contacts.</strong>";"odoo19::crm"
"<strong>Who can access Reporting in the CRM app?</strong><br><br>A) Only database administrators.<br>B) Only managers.<br>C) All CRM users.";"✅ <strong>Jawaban: C) All CRM users.</strong>";"odoo19::crm"
"<strong>When is it useful to create a new property field on an opportunity?</strong><br><br>A) When your sales team needs to track a specific piece of information.<br>B) When a sales manager notices an opportunity has an overdue activity.<br>C) When a salesperson wants to impress a client.";"✅ <strong>Jawaban: A) When your sales team needs to track a specific piece of information.</strong>";"odoo19::crm"
"<strong>What does an orange activity icon on an opportunity card in Kanban view indicate?</strong><br><br>A) The activity is due soon.<br>B) The activity is overdue.<br>C) The activity is due today.";"✅ <strong>Jawaban: C) The activity is due today.</strong>";"odoo19::crm"
"<strong>Which of the following can be used as Sources for an AI Agent?</strong><br><br>A) Only text fields and record notes.<br>B) Uploaded files, Knowledge articles, docs from the Documents app, and website links.<br>C) Knowledge articles and docs from the Documents app only.";"✅ <strong>Jawaban: B) Uploaded files, Knowledge articles, docs from the Documents app, and website links.</strong>";"odoo19::ai"
"<strong>What is the purpose of AI Tools in Odoo's AI framework?</strong><br><br>A) To provide extra data sources for the agent to read from.<br>B) To limit the agent's output to predefined templates.<br>C) To extend the AI Agent's capabilities beyond text generation, allowing it to perform defined actions or functions.";"✅ <strong>Jawaban: C) To extend the AI Agent's capabilities beyond text generation, allowing it to perform defined actions or functions.</strong>";"odoo19::ai"
"<strong>You want to ask an AI Agent how many leads are currently assigned to a specific salesperson. Which Topic must be assigned to the agent for it to answer that question?</strong><br><br>A) Information Reporting.<br>B) Information Retrieval.<br>C) Lead Assessment.";"✅ <strong>Jawaban: A) Information Reporting.</strong>";"odoo19::ai"
"<strong>On a mailing form, what's the purpose of this button next to the 'Subject' line?</strong><br><br>A) To include a link to a satisfaction survey at the bottom of the communication.<br>B) To add the company's logo to the top of the communication.<br>C) To insert dynamic values in the subject line.";"✅ <strong>Jawaban: C) To insert dynamic values in the subject line.</strong>";"odoo19::marketing"
"<strong>What is an A/B test?</strong><br><br>A) Sending different versions of a marketing email to a small group of recipients in a mailing list. The version that performs the best is then sent to the remaining contacts in the mailing list.<br>B) Sending a selection of emails to a random portion of contacts in the database, at regular intervals, with no end date.<br>C) Sending the same email to two different mailing lists, so the mailing list with the fewest open rates is archived.";"✅ <strong>Jawaban: A) Sending different versions of a marketing email to a small group of recipients in a mailing list. The version that performs the best is then sent to the remaining contacts in the mailing list.</strong>";"odoo19::marketing"
"<strong>In SMS Marketing, under the 'A/B Tests' tab on a message form, which metric is available for selecting the winning email?</strong><br><br>A) Highest Click Rate<br>B) Forwards<br>C) Bounces";"✅ <strong>Jawaban: A) Highest Click Rate</strong>";"odoo19::marketing"
"<strong>How can you add the 'customizable cookie bar' for your website visitors?</strong><br><br>A) Going to the 'Style' tab in the website editor and enable it.<br>B) By enabling the feature in the website settings.<br>C) By activating developer mode and enabling it in the website properties.";"✅ <strong>Jawaban: B) By enabling the feature in the website settings.</strong>";"odoo19::website"
"<strong>You added the 'Newsletter popup' on your website, and you want to edit it. How can you find it?</strong><br><br>A) By going into 'Edit' mode on your website and waiting a few seconds for the pop-up to appear.<br>B) By clicking on 'Newsletter Popup' in the 'Invisible Elements' section at the bottom of the website editor.<br>C) By clicking Website > Site > Properties.";"✅ <strong>Jawaban: B) By clicking on 'Newsletter Popup' in the 'Invisible Elements' section at the bottom of the website editor.</strong>";"odoo19::website"
"<strong>On which device can you decide to hide certain content blocks when editing your website?</strong><br><br>A) Desktop<br>B) Desktop and mobile<br>C) Desktop, mobile, and tablet";"✅ <strong>Jawaban: B) Desktop and mobile</strong>";"odoo19::website"
"<strong>Is it possible to add a hyperlink to an image on your website?</strong><br><br>A) Yes, by adding a URL to the media in the website editor.<br>B) Yes, by activating the developer mode and going to Settings > Technical > Database Structure > Hyperlinks.<br>C) You cannot link an image to a URL on your website.";"✅ <strong>Jawaban: A) Yes, by adding a URL to the media in the website editor.</strong>";"odoo19::website"
"<strong>Which Odoo feature lets you show a similar product to a customer browsing a product page?</strong><br><br>A) Alternative products<br>B) Accessory products<br>C) Optional products";"✅ <strong>Jawaban: A) Alternative products</strong>";"odoo19::ecommerce"
"<strong>You want to show your customers additional products they may be interested in upon checkout, which feature can you use?</strong><br><br>A) Alternative products.<br>B) Optional products.<br>C) Accessory products.";"✅ <strong>Jawaban: B) Optional products.</strong>";"odoo19::ecommerce"
"<strong>On the frontend, where can you display a 'Sale' Badge or Ribbon on a product?</strong><br><br>A) On the /shop/[productName-id] page, in the Style tab only.<br>B) On the /shop page, in the Style tab only.<br>C) Both options are valid.";"✅ <strong>Jawaban: C) Both options are valid.</strong>";"odoo19::ecommerce"
"<strong>What can you add to a product to highlight it in your catalog and/or on the product page?</strong><br><br>A) A ribbon.<br>B) A badge.<br>C) A ribbon or a badge.";"✅ <strong>Jawaban: A) A ribbon.</strong>";"odoo19::ecommerce"
"<strong>Who can edit an article in the Workspace?</strong><br><br>A) Any contributor with 'Can read' access.<br>B) The author only.<br>C) Everyone, as long as it's in the default company access.";"✅ <strong>Jawaban: B) The author only.</strong>";"odoo19::knowledge"
"<strong>What happens if you lock an article in the Workspace?</strong><br><br>A) You cannot access the article.<br>B) You can only read the article.<br>C) You can still edit it, even if you're not the author.";"✅ <strong>Jawaban: B) You can only read the article.</strong>";"odoo19::knowledge"
"<strong>Can you copy the link of one specific header?</strong><br><br>A) Yes, any header can be copied.<br>B) No, you can only copy the article's link.<br>C) Yes, but you can only copy the title.";"✅ <strong>Jawaban: A) Yes, any header can be copied.</strong>";"odoo19::knowledge"
"<strong>When can Odoo send an automatic task rating request to a customer?</strong><br><br>A) Only when a task reaches a specific stage<br>B) Only on a periodic basis (e.g., every month)<br>C) Both when a task reaches a specific stage or on a periodic basis";"✅ <strong>Jawaban: C) Both when a task reaches a specific stage or on a periodic basis</strong>";"odoo19::project"
"<strong>Which of the following project visibility options does not exist?</strong><br><br>A) Invited internal users<br>B) All internal users<br>C) Public";"✅ <strong>Jawaban: B) All internal users</strong>";"odoo19::project"
"<strong>Who can potentially view a private project?</strong><br><br>A) Only invited internal users<br>B) Only invited internal users, invited portal users and users with the access right ""Project Administrator""<br>C) Only invited internal users and users with the access right ""Project Administrator""";"✅ <strong>Jawaban: C) Only invited internal users and users with the access right ""Project Administrator""</strong>";"odoo19::project"
"<strong>The burndown chart represent, at a specific point in time:</strong><br><br>A) The number of tasks in each stage<br>B) The number of negative customer ratings<br>C) The number of canceled tasks";"✅ <strong>Jawaban: A) The number of tasks in each stage</strong>";"odoo19::project"
"<strong>What element cannot be added to the top bar?</strong><br><br>A) Products<br>B) Sales orders<br>C) Analytic items";"✅ <strong>Jawaban: C) Analytic items</strong>";"odoo19::project"
"<strong>When using Timesheets' default settings, what will be the duration of the timesheet entry if you stop the timer after 4 minutes and 30 seconds?</strong><br><br>A) 4 minutes<br>B) 5 minutes<br>C) 15 minutes";"✅ <strong>Jawaban: C) 15 minutes</strong>";"odoo19::timesheets"
"<strong>How can you configure fiscal positions to apply automatically to contacts based on their country?</strong><br><br>A) Select the country and enable the 'Detect Automatically' option on the fiscal position.<br>B) Set the customer's fiscal position to 'Detect Automatically'.<br>C) Set the invoice's fiscal position to 'Detect Automatically'.";"✅ <strong>Jawaban: A) Select the country and enable the 'Detect Automatically' option on the fiscal position.</strong>";"odoo19::accounting"
"<strong>How can you set up follow-up actions for payments due from a customer?</strong><br><br>A) Set follow-up actions using the Due smartbutton in the customer record.<br>B) Create follow-up levels then set reminders in the customer's contact record.<br>C) Create follow-up levels then set reminders in Accounting > Customers > Follow-up Reports.";"✅ <strong>Jawaban: C) Create follow-up levels then set reminders in Accounting > Customers > Follow-up Reports.</strong>";"odoo19::accounting"
"<strong>How can you automatically cancel all journal entries from before a specific date?</strong><br><br>A) Set the specific date in the Invoicing Switch Threshold field in the Accounting settings.<br>B) Select all the journal entries from before the specific date in the list view and click Action > Cancel.<br>C) In developer mode, go to the Advanced Settings tab of each journal that you want to cancel journal entries in, enable the Cancel Posted Entries With Hash field, and set the specific date.";"✅ <strong>Jawaban: A) Set the specific date in the Invoicing Switch Threshold field in the Accounting settings.</strong>";"odoo19::accounting"
"<strong>How can you include a spelled out invoice total on an invoice report?</strong><br><br>A) In the Accounting settings, enable the ""Total amount of invoice in letters"" feature.<br>B) On the invoice form view in Studio, select the Total field and change the widget to ""Amount in letters"".<br>C) On the invoice report in Studio, select the Total field and change the widget to ""Amount in letters"".";"✅ <strong>Jawaban: C) On the invoice report in Studio, select the Total field and change the widget to ""Amount in letters"".</strong>";"odoo19::accounting"
"<strong>How can you automatically generate bills in Company A from invoices in Company B?</strong><br><br>A) Enable inter-company transactions in the general settings, then select the ""Synchronize invoices/bills"" option in Company A.<br>B) Enable inter-company transactions in the general settings, then select the ""Create Vendor Bills"" option in Company A.<br>C) Enable inter-company transactions in the general settings, then select the ""Create Vendor Bills"" option in Company B.";"✅ <strong>Jawaban: C) Enable inter-company transactions in the general settings, then select the ""Create Vendor Bills"" option in Company B.</strong>";"odoo19::accounting"
"<strong>How can you set a lock date for only vendor bills?</strong><br><br>A) Set the Journal Entries Lock Date.<br>B) Set the Lock Bills date.<br>C) Set the Lock Purchases date.";"✅ <strong>Jawaban: C) Set the Lock Purchases date.</strong>";"odoo19::accounting"
"<strong>Which of the following statements correctly describes the periodic or perpetual accounting practices?</strong><br><br>A) In the periodic method, vendor bills are recorded as expenses, and the inventory (stock valuation) is adjusted in the closing entry.<br>B) In the periodic method, vendor bills are recorded as assets (stock valuation) and are expensed when goods are sold.<br>C) In perpetual accounting, vendor bills are recorded as expenses, and the inventory (stock valuation) is adjusted in the closing entry.";"✅ <strong>Jawaban: A) In the periodic method, vendor bills are recorded as expenses, and the inventory (stock valuation) is adjusted in the closing entry.</strong>";"odoo19::accounting"
"<strong>When looking at the depreciation board of an asset, which fields affect the values in the Depreciation column?</strong><br><br>A) Original value, Duration, Asset Group<br>B) Fixed Asset Account, Salvage Value, Computation<br>C) Method, Not Depreciable Value, Prorata Date";"✅ <strong>Jawaban: A) Original value, Duration, Asset Group</strong>";"odoo19::accounting"
"<strong>Why is a line highlighted in red in a purchase order?</strong><br><br>A) The product is currently out of stock.<br>B) This PO line will exceed the analytic budget if confirmed.<br>C) The product is not available for delivery in the requested quantity.";"✅ <strong>Jawaban: B) This PO line will exceed the analytic budget if confirmed.</strong>";"odoo19::accounting"
"<strong>What does a blue globe icon in the upper-right corner above a spreadsheet signify about regional settings, e.g., date format and thousand and decimal separators?</strong><br><br>A) The regional settings of the spreadsheet are the same as those of your own user profile.<br>B) The regional settings of the spreadsheet are different from those of your own user profile.<br>C) You can click on this icon to change the regional settings of spreadsheet if they don't match those of your own user profile.";"✅ <strong>Jawaban: B) The regional settings of the spreadsheet are different from those of your own user profile.</strong>";"odoo19::spreadsheet"
"<strong>On a dashboard, what additional feature is available when a time-series chart, i.e., a chart that shows data over time, is expanded to full screen?</strong><br><br>A) It is possible to edit the chart's data source directly from the full-screen view.<br>B) It is possible to zoom in on a specific time span and scroll forwards and backwards in time.<br>C) Real−time data streaming shows live updates to the data while the chart is expanded.";"✅ <strong>Jawaban: B) It is possible to zoom in on a specific time span and scroll forwards and backwards in time.</strong>";"odoo19::spreadsheet"
"<strong>What does the Launch Campaign button do in the Appraisals app?</strong><br><br>A) It automatically schedules appraisals for all employees whose appraisals are due within the current quarter<br>B) It allows scheduling multiple appraisals at once<br>C) It assigns the same goal to multiple employees at one time";"✅ <strong>Jawaban: B) It allows scheduling multiple appraisals at once</strong>";"odoo19::hr"
"<strong>Is it possible for employees to view the onboarding slides in the Referrals app after they've already seen them?</strong><br><br>A) Yes, by going to 'Referrals' app > 'Configuration' > 'Onboarding' and click 'Restart Onboarding'.<br>B) Yes, by setting the 'Onboarding' option to 'always show'.<br>C) No, they can only be viewed once and cannot be shown again.";"✅ <strong>Jawaban: A) Yes, by going to 'Referrals' app > 'Configuration' > 'Onboarding' and click 'Restart Onboarding'.</strong>";"odoo19::hr"
"<strong>What is preconfigured in the Fleet app?</strong><br><br>A) Vehicle Manufacturers<br>B) Vehicle Models<br>C) Vehicle Categories";"✅ <strong>Jawaban: C) Vehicle Categories</strong>";"odoo19::hr"
"<strong>In what case would you send a global invoice?</strong><br><br>A) For all orders from the same client.<br>B) For clients who purchased the same product.<br>C) For returned products only.";"✅ <strong>Jawaban: A) For all orders from the same client.</strong>";"odoo19::pos"
"<strong>What happens when a customer pays using their customer account in the POS?</strong><br><br>A) The purchase amount is immediately deducted from inventory.<br>B) The purchase amount is recorded as debt until it is paid off.<br>C) The purchase is automatically refunded.";"✅ <strong>Jawaban: B) The purchase amount is recorded as debt until it is paid off.</strong>";"odoo19::pos"
"<strong>What happens when settling the remaining balance of a sales order in the POS?</strong><br><br>A) The down payment is deducted, allowing to complete the order.<br>B) The down payment is ignored and the customer pays the full amount again.<br>C) A new sales order must be created for the remaining amount.";"✅ <strong>Jawaban: A) The down payment is deducted, allowing to complete the order.</strong>";"odoo19::pos"
"<strong>An RFQ is automatically created whenever the following happens:</strong><br><br>A) The product has the Purchase checkbox ticked, has a vendor pricelist, and a reordering rule triggers the purchase<br>B) The route on the product is set as 'Buy' and a sales order is validated<br>C) The route on the product is set as 'Manufacture' and a quotation is created";"✅ <strong>Jawaban: A) The product has the Purchase checkbox ticked, has a vendor pricelist, and a reordering rule triggers the purchase</strong>";"odoo19::purchase"
"<strong>If you have several lines for the same vendor in a product purchase price list, which one will be selected?</strong><br><br>A) The first in the list<br>B) The cheapest if the condition of quantity is met<br>C) The one with the biggest quantity under the quantity ordered";"✅ <strong>Jawaban: B) The cheapest if the condition of quantity is met</strong>";"odoo19::purchase"
"<strong>Your warehouse tracks liquid inventory in liters, but your vendor sells in gallons. You create Gallon as a new Unit of Measure. What condition must be met for Odoo to automatically convert between gallons and liters when you purchase the product?</strong><br><br>A) Create the ""Gallons"" unit, set its Reference unit to liters, and if an RFQ uses gallons as the unit, the receipt will say liters<br>B) Create the gallons unit to be in the ""Volume"" UoM category that uses liters as the reference unit of measure<br>C) Odoo converts automatically without any setup, thanks to AI";"✅ <strong>Jawaban: B) Create the gallons unit to be in the ""Volume"" UoM category that uses liters as the reference unit of measure</strong>";"odoo19::purchase"
"<strong>When a preset Discount is set on a Vendor Pricelist for a specific product, can the discount be overridden on an RFQ?</strong><br><br>A) No, the Discount must be changed in the 'Discount (%)' field on the Vendor Pricelist itself<br>B) No, once the Discount is set it won't reset until the Vendor changes their pricing<br>C) Yes, the Discount can be modified directly on the purchase order line when creating an RFQ";"✅ <strong>Jawaban: C) Yes, the Discount can be modified directly on the purchase order line when creating an RFQ</strong>";"odoo19::purchase"
"<strong>Can you create alternative requests for quotation (RFQs) for multiple vendors, with the same products, to find the best price?</strong><br><br>A) Yes, by clicking 'Create Alternative' under the 'Alternatives' tab from a new RFQ, and selecting 'Copy Products'<br>B) No, Odoo does not allow for alternative requests for quotation to be created with the same products and different vendors<br>C) Yes, by selecting two RFQs from the RFQs overview page, clicking the 'gear' icon, and clicking 'create alternative quotation'";"✅ <strong>Jawaban: A) Yes, by clicking 'Create Alternative' under the 'Alternatives' tab from a new RFQ, and selecting 'Copy Products'</strong>";"odoo19::purchase"
"<strong>The Forecasted report shows ""Time to Replenish = 8 days"" for a product with low on-hand quantity. The forecasted quantity will reach 0 in 8 days. What should you do based on this information?</strong><br><br>A) Click ""Replenish"" to trigger replenishment to ensure the product arrives in 8 days<br>B) Wait until the on-hand quantity reaches 0 before reordering<br>C) Ignore the field, it only affects products managed by reordering rules";"✅ <strong>Jawaban: A) Click ""Replenish"" to trigger replenishment to ensure the product arrives in 8 days</strong>";"odoo19::purchase"
"<strong>A delivery method is set to Based on Rules. (1) Order total < $50, Delivery fee = $13 (2) Order total > $50, Delivery fee = $0. Question: You confirm a sales order totalling $55. How much is delivery?</strong><br><br>A) $13<br>B) $0<br>C) $55";"✅ <strong>Jawaban: B) $0</strong>";"odoo19::purchase"
"<strong>Which of the following is true about the Dispatch Management System?</strong><br><br>A) You can get Google Maps directions to all delivery destinations for an in-progress batch or wave transfer<br>B) You can set a vehicle's capacity based on the number of products it can carry<br>C) It's not necessary to configure dock locations to load items onto a delivery vehicle";"✅ <strong>Jawaban: A) You can get Google Maps directions to all delivery destinations for an in-progress batch or wave transfer</strong>";"odoo19::purchase"
"<strong>What happens when the on-hand quantity of a product is manually updated to increase by 10 units?</strong><br><br>A) Nothing; on-hand quantity can only be updated by following the purchasing process<br>B) The forecasted quantity increases by 10 units<br>C) The on-hand quantity updates to 10, and an inventory adjustment is created to account for the difference";"✅ <strong>Jawaban: C) The on-hand quantity updates to 10, and an inventory adjustment is created to account for the difference</strong>";"odoo19::purchase"
"<strong>Which of the following statements about 'Inventory Adjustments' is FALSE?</strong><br><br>A) A stock move with 0 quantity is created from the storage location to the Inventory Loss location when the on-hand and counted quantities match<br>B) You can set the frequency of inventory counts for product categories<br>C) The barcode app shows all inventory counts to do at the selected location";"✅ <strong>Jawaban: C) The barcode app shows all inventory counts to do at the selected location</strong>";"odoo19::purchase"
"<strong>Your product uses the FIFO costing method. You (1) receive 3 units at $20 each, (2) receive 1 unit at $50, then (3) deliver 2 units.Which of the following correctly describes the cost of your remaining stock?</strong><br><br>A) Two remaining units, both valued at $20<br>B) One unit valued at $20 and one unit valued at $50<br>C) Two remaining units, both valued at $35";"✅ <strong>Jawaban: B) One unit valued at $20 and one unit valued at $50</strong>";"odoo19::purchase"
"<strong>Your warehouse uses the ""Before Scheduled Date"" reservation method. In the Delivery Order operation settings, ""days before"" = 5, and ""days before when starred"" = 10. You have 2 deliveries for June 30, one starred, one not. Today is June 21. Which of the following best describes what happens?</strong><br><br>A) Both deliveries are reserved, because they're within 10 days of the scheduled date<br>B) Only the starred delivery is reserved, because it's within 10 days of the scheduled date<br>C) Neither delivery is reserved, because the scheduled date hasn't yet arrived";"✅ <strong>Jawaban: B) Only the starred delivery is reserved, because it's within 10 days of the scheduled date</strong>";"odoo19::purchase"
"<strong>You receive a pallet of Teakwood Planks and the following putaway rules exist (see image below). Which location will Odoo choose for the stock move?</strong><br><br>A) WH/Stock/Shelf 2/Small Refrigerator<br>B) WH/Stock/Shelf 1<br>C) WH/Stock";"✅ <strong>Jawaban: C) WH/Stock</strong>";"odoo19::purchase"
"<strong>Which of the following types of record(s) can NOT have barcodes added to them?</strong><br><br>A) Products, Packagings, and Package Types<br>B) Locations and Operation Types<br>C) Product Categories";"✅ <strong>Jawaban: C) Product Categories</strong>";"odoo19::purchase"
"<strong>Can you enter barcodes manually in the Barcode app?</strong><br><br>A) Yes, but only for products and packages<br>B) Yes, including barcodes for products, packages, delivery orders, and warehouse receipts<br>C) No";"✅ <strong>Jawaban: B) Yes, including barcodes for products, packages, delivery orders, and warehouse receipts</strong>";"odoo19::purchase"
"<strong>When should a company use the Master Production Schedule (MPS) instead of reordering rules?</strong><br><br>A) When it wants to maintain fixed safety stock levels for all products<br>B) When it produces only on demand (Make to Order)<br>C) When it needs to plan production based on seasonal or forecasted demand";"✅ <strong>Jawaban: C) When it needs to plan production based on seasonal or forecasted demand</strong>";"odoo19::mrp"
"<strong>When an analytic account is assigned to a MO, how are the related costs recorded?</strong><br><br>A) Finished products are posted as revenue, while consumed components appear as costs, and labor is billed through timesheets<br>B) Consumed components and labor costs are recorded as expenses on the linked analytic account (project)<br>C) Finished products and by-products are recorded as revenue on the analytic account";"✅ <strong>Jawaban: B) Consumed components and labor costs are recorded as expenses on the linked analytic account (project)</strong>";"odoo19::mrp"
"<strong>In an OEE calculation, what is considered as fully productive time?</strong><br><br>A) Recorded working time that doesn't exceed the expected working time<br>B) All recorded time on a work order before it's marked as done<br>C) All time recorded on the work order during a work center's scheduled working hours";"✅ <strong>Jawaban: C) All time recorded on the work order during a work center's scheduled working hours</strong>";"odoo19::mrp"
"<strong>How do you configure a manufacturing product for subcontracting?</strong><br><br>A) Enable the 'Subcontracted' checkbox on the product's form<br>B) Enable the 'Subcontracting' option in the 'BoM Type' field on the product's BoM<br>C) Add the 'Subcontract' route on the sales order that includes the product\";"✅ <strong>Jawaban: B) Enable the 'Subcontracting' option in the 'BoM Type' field on the product's BoM</strong>";"odoo19::mrp"
"<strong>Your subcontractor may consume slightly more or fewer components than expected. How can Odoo accommodate this?</strong><br><br>A) By setting Flexible Consumption to ""Allowed"" on the BoM<br>B) By sending more products than necessary on the Resupply Subcontractor route, and if there are extras, they can send them back<br>C) By setting Flexible Consumption to ""Allowed with warning"" on the BoM";"✅ <strong>Jawaban: C) By setting Flexible Consumption to ""Allowed with warning"" on the BoM</strong>";"odoo19::mrp"
"<strong>In the MPS, what does an orange-colored cell indicate about replenishment?</strong><br><br>A) A replenishment order has already been generated, but more quantities need to be ordered to meet the Safety Stock Target<br>B) The forecasted demand is higher than the actual demand, so the quantity to replenish is uncertain<br>C) Too many units have already been replenished";"✅ <strong>Jawaban: A) A replenishment order has already been generated, but more quantities need to be ordered to meet the Safety Stock Target</strong>";"odoo19::mrp"
"<strong>When performing a work order, you can consume:</strong><br><br>A) Only products from the BoM, in the quantities defined by the BoM<br>B) Only products from the BoM, but you can add extra quantities<br>C) Any product";"✅ <strong>Jawaban: C) Any product</strong>";"odoo19::mrp"
"<strong>Which of the following is true about splitting/merging manufacturing orders?</strong><br><br>A) Only manufacturing orders of identical products with the same BoM may be merged<br>B) Only manufacturing orders in the draft state may be merged<br>C) Only manufacturing orders of even quantities may be split";"✅ <strong>Jawaban: C) Only manufacturing orders of even quantities may be split</strong>";"odoo19::mrp"
"<strong>What is the ""Register Production"" step on a work order card in the Shop Floor module used for?</strong><br><br>A) To confirm that the manufacturing order has been completed<br>B) To mark a work order as ""In Progress""<br>C) To register the number of units manufactured";"✅ <strong>Jawaban: A) To confirm that the manufacturing order has been completed</strong>";"odoo19::mrp"
"<strong>What does it mean when a work center is ""fully productive""?</strong><br><br>A) The work center is operational<br>B) The work center is processing a work order within its expected duration<br>C) The work center is processing multiple work orders";"✅ <strong>Jawaban: B) The work center is processing a work order within its expected duration</strong>";"odoo19::mrp"
"<strong>On Many2One and Many2Many fields, what does setting a value of '5' for 'Typeahead search' allow?</strong><br><br>A) The search has an auto-complete functionality based the last 5 selected records.<br>B) The search results only show after at least 5 characters have been typed.<br>C) The search results are limited to the first 5 records for faster loading.";"✅ <strong>Jawaban: B) The search results only show after at least 5 characters have been typed.</strong>";"odoo19::studio"
"<strong>In a List view, how can you control the width of columns?</strong><br><br>A) Set the width using a CSS class applied to the List view's container element.<br>B) This can't be controlled; the width is determined by the longest value in the column.<br>C) Define a fixed column width, in pixels.";"✅ <strong>Jawaban: B) This can't be controlled; the width is determined by the longest value in the column.</strong>";"odoo19::studio"
"<strong>If an action only needs approval in certain circumstances, how you can configure this?</strong><br><br>A) Add the details in the 'Description' field; the approver will see a message indicating whether or not approval is needed.<br>B) When setting up an approval step, click the filter icon and define the relevant conditions.<br>C) After the basic approval rule is set up, create an automation rule to further define the circumstances in which it applies.";"✅ <strong>Jawaban: B) When setting up an approval step, click the filter icon and define the relevant conditions.</strong>";"odoo19::studio"
"<strong>What is the primary function of the 'Before Update Domain' in an automation rule?</strong><br><br>A) It defines the set of records the rule acts on after the trigger event occurs.<br>B) It defines the conditions a record must meet before the trigger event occurs.<br>C) It specifies the user groups that are allowed to trigger the automation rule.";"✅ <strong>Jawaban: B) It defines the conditions a record must meet before the trigger event occurs.</strong>";"odoo19::studio"
"<strong>How can you trigger an automated action only upon the creation of a record?</strong><br><br>A) Set the Trigger to 'On create'.<br>B) Set the Trigger to 'On save' and use 'ID is not set' as the 'Before Update Domain' and 'ID is set' as the 'Apply on' domain.<br>C) Set the Trigger to 'Values Updated' and select 'Creation Date' as the field to watch.";"✅ <strong>Jawaban: A) Set the Trigger to 'On create'.</strong>";"odoo19::studio"
"<strong>If you were in any list view, how would you display 1,000 records at once?</strong><br><br>A) All records are always displayed.<br>B) By clicking on the page indicator next to the view options and entering 1-1000.<br>C) 80 records is the maximum number of results that can be displayed in list view.";"✅ <strong>Jawaban: B) By clicking on the page indicator next to the view options and entering 1-1000.</strong>";"odoo19::introduction"
"<strong>How do you archive a company in Odoo?</strong><br><br>A) Companies cannot be archived for traceability purposes.<br>B) Contact Odoo, this needs to be performed by Odoo Support.<br>C) Go to General Settings > Manage Companies > Select the company line (list view) > Action > Archive.";"✅ <strong>Jawaban: C) Go to General Settings > Manage Companies > Select the company line (list view) > Action > Archive.</strong>";"odoo19::introduction"
"<strong>What option in Odoo can help a user better protect their account?</strong><br><br>A) VPN (Virtual Private Network).<br>B) Use an incognito browser window.<br>C) 2FA (Two-Factor Authentication).";"✅ <strong>Jawaban: C) 2FA (Two-Factor Authentication).</strong>";"odoo19::introduction"
"<strong>How can I set separate invoice and delivery addresses for a customer when creating a quotation?</strong><br><br>A) In the Contacts app, open a customer's contact form. Under the Contacts tab, click ""Add Contact"". Then enter addresses under both the ""Invoice"" and ""Delivery"" radio buttons. This automatically fills out the invoice and delivery address fields in quotations<br>B) In the Settings app, search for ""Customer Invoices"" and tick the ""Customer Addresses"" box. This will add an option to set separate invoice and delivery addresses to each quotation<br>C) In the Sales app, under the ""Configuration"" header, choose ""Delivery Method"". Click the ""New"" button and create a Delivery Method set to ""Invoice address only""";"✅ <strong>Jawaban: A) In the Contacts app, open a customer's contact form. Under the Contacts tab, click ""Add Contact"". Then enter addresses under both the ""Invoice"" and ""Delivery"" radio buttons. This automatically fills out the invoice and delivery address fields in quotations</strong>";"odoo19::sales"
"<strong>What does it mean when a product has both the ""Purchase"" checkbox and the ""Replenish on Order (MTO)"" checkbox in the Inventory tab checked on its product form?</strong><br><br>A) When a reordering rule set on the product is triggered, a manufacturing order will be generated if there is not sufficient inventory<br>B) When a sales order is confirmed, a Request for Quotation to purchase the product from a vendor will be generated if there is not sufficient inventory<br>C) When inventory for the product reaches 0, a Request for Quotation will be sent to a vendor to have them come and assemble more of the product in your warehouse";"✅ <strong>Jawaban: B) When a sales order is confirmed, a Request for Quotation to purchase the product from a vendor will be generated if there is not sufficient inventory</strong>";"odoo19::inventory"
"<strong>What does it mean if the forecasted quantity of a product is higher than the quantity on hand?</strong><br><br>A) You have enabled ""Include Components In Forecasts"" and your forecast is including potential units you may choose to manufacture at a future date<br>B) New products are planned to be added to inventory because of a purchase or manufacturing order or because of returns<br>C) A sales order has failed and product has not been removed from inventory";"✅ <strong>Jawaban: B) New products are planned to be added to inventory because of a purchase or manufacturing order or because of returns</strong>";"odoo19::introduction"
"<strong>What does it mean when a product is labeled under the product type, ""Combo""?</strong><br><br>A) When purchasing this product type, the customer can choose one product amongst a selection of multiple<br>B) This product is a combination of a ""Good"" and a ""Service""<br>C) When purchasing this product, the customer must choose multiple product variants to submit an order";"✅ <strong>Jawaban: A) When purchasing this product type, the customer can choose one product amongst a selection of multiple</strong>";"odoo19::introduction"
"<strong>When would it be most useful to use 'Order Grid Entry' as the sales variant selection type for a product?</strong><br><br>A) When clients want their sales orders organized in a grid<br>B) When salespeople typically recommend specific product variants to clients<br>C) When salespeople usually create large quotations with many product variants for clients";"✅ <strong>Jawaban: B) When salespeople typically recommend specific product variants to clients</strong>";"odoo19::sales"
"<strong>What is the difference between a pro-forma invoice and a standard invoice?</strong><br><br>A) A pro-forma invoice is not used to request payment from a customer, but rather as a confirmation step between quotation and invoicing<br>B) A pro-forma invoice is legally non-binding, meaning that neither you nor your customer can be sued for failing to follow its terms<br>C) A pro-forma invoice follows a standardized format intended for providing professional services, like a legal consultation";"✅ <strong>Jawaban: B) A pro-forma invoice is legally non-binding, meaning that neither you nor your customer can be sued for failing to follow its terms</strong>";"odoo19::accounting"
"<strong>Which of the following is NOT a valid option when setting an achievement-based commission plan for your team?</strong><br><br>A) A plan based on the total amount of sales invoiced<br>B) A plan based on the total amount of sales quoted<br>C) A plan based on the total quantity of products sold";"✅ <strong>Jawaban: B) A plan based on the total amount of sales quoted</strong>";"odoo19::introduction"
"<strong>What does the Allow Roaming option let participants do during a survey?</strong><br><br>A) Pause the survey and complete it at a different day or time.<br>B) Share their responses with other participants.<br>C) Go back to previous pages of the survey if needed.";"✅ <strong>Jawaban: C) Go back to previous pages of the survey if needed.</strong>";"odoo19::survey"
"<strong>What happens to an opportunity that is marked as 'Lost'?</strong><br><br>A) The opportunity is archived and hidden from the main dashboard but can be accessed using Filters > Lost.<br>B) The opportunity is moved to the Lost stage in the Kanban view and remains visible but inactive.<br>C) The opportunity is archived and removed from all dashboards but can still be accessed through advanced search options.";"✅ <strong>Jawaban: A) The opportunity is archived and hidden from the main dashboard but can be accessed using Filters > Lost.</strong>";"odoo19::crm"
"<strong>Compared to an opportunity, how likely is a lead to be won in Odoo?</strong><br><br>A) A lead is more likely to be won than an opportunity.<br>B) A lead is less likely to be won than an opportunity.<br>C) Leads and opportunities have the same likelihood of being won.";"✅ <strong>Jawaban: B) A lead is less likely to be won than an opportunity.</strong>";"odoo19::crm"
"<strong>What is the difference between deleting an opportunity and marking it as Lost?</strong><br><br>A) Deleting an opportunity removes it from all views but allows it to be restored via the database's archived records.<br>B) Marking an opportunity as Lost simply hides it from the pipeline without deleting the record.<br>C) Deleting an opportunity and marking it as Lost both archive the record, but marking it as Lost also triggers a notification to the sales team.";"✅ <strong>Jawaban: B) Marking an opportunity as Lost simply hides it from the pipeline without deleting the record.</strong>";"odoo19::crm"
"<strong>When can the Expected Revenue on an opportunity be set in Odoo?</strong><br><br>A) It cannot be set manually because it is computed from the untaxed amount of linked sales orders.<br>B) It can only be set when creating the opportunity.<br>C) It can be set or modified manually at any time.";"✅ <strong>Jawaban: C) It can be set or modified manually at any time.</strong>";"odoo19::crm"
"<strong>How can you set the Days to Rot for a stage in the CRM pipeline?</strong><br><br>A) Click the gear icon on the stage, select Edit, and enter the number of days in the Days to Rot field.<br>B) Open any opportunity in that stage and set the number of days in the Days to Rot field on the record itself.<br>C) Go to Configuration > CRM Settings and define a default number of days that applies to all stages in the pipeline.";"✅ <strong>Jawaban: A) Click the gear icon on the stage, select Edit, and enter the number of days in the Days to Rot field.</strong>";"odoo19::crm"
"<strong>In an AI Agent prompt, what does /record selector allow you to do?</strong><br><br>A) To attach files from the Documents app to an AI conversation.<br>B) To open a filtered list view of related records in a separate window.<br>C) To reference or update information from a specific record when interacting with the AI Agent.";"✅ <strong>Jawaban: C) To reference or update information from a specific record when interacting with the AI Agent.</strong>";"odoo19::ai"
"<strong>How can you enable AI to transcribe meetings in Odoo?</strong><br><br>A) In the Discuss app, go to Configuration > Voice & Video Settings and enable AI Transcription.<br>B) In Knowledge > Browse Templates, select Meeting Minutes.<br>C) Type ""/"" to open the command palette on an article, note tab, or description tab, and select Voice Transcript.";"✅ <strong>Jawaban: C) Type ""/"" to open the command palette on an article, note tab, or description tab, and select Voice Transcript.</strong>";"odoo19::introduction"
"<strong>What does the ""Ask AI Search"" feature do?</strong><br><br>A) To turn a plain-language search into the right database filters automatically.<br>B) To generate AI suggestions for improving your search terms.<br>C) To search only within Knowledge articles and uploaded files.";"✅ <strong>Jawaban: A) To turn a plain-language search into the right database filters automatically.</strong>";"odoo19::introduction"
"<strong>If an AI Agent with ""Restrict to Sources"" enabled is asked something outside its defined Topics or Sources, how does it respond?</strong><br><br>A) It informs the user it doesn't have the information or permissions to respond.<br>B) It automatically switches to another provider.<br>C) It guesses the most likely answer based on previous responses.";"✅ <strong>Jawaban: A) It informs the user it doesn't have the information or permissions to respond.</strong>";"odoo19::ai"
"<strong>What happens when you change an event state to 'cancelled'?</strong><br><br>A) Event attendees are automatically sent an email using the email template 'Event: Cancelled', and the 'Register' button changes to a 'Cancelled' button on the website.<br>B) Automatically moves the event to the 'Ended' stage, and emails attendees using the 'Event: Cancelled' email template.<br>C) Replaces the 'Register' button with a 'Cancelled' image on the event website and even Kanban card, and disables outgoing emails for the event.";"✅ <strong>Jawaban: C) Replaces the 'Register' button with a 'Cancelled' image on the event website and even Kanban card, and disables outgoing emails for the event.</strong>";"odoo19::introduction"
"<strong>What social media wall can be displayed on your website?</strong><br><br>A) Instagram<br>B) TikTok<br>C) LinkedIn";"✅ <strong>Jawaban: A) Instagram</strong>";"odoo19::website"
"<strong>How can you animate elements of your website using ""animation""?</strong><br><br>A) You can add On scroll & On Hover animation on images only.<br>B) You can add On scroll & On Appearance animation on any column.<br>C) You can add On Scroll & On Appearance animation on most text, images, and blocks. And you can add On Hover animation on images.";"✅ <strong>Jawaban: C) You can add On Scroll & On Appearance animation on most text, images, and blocks. And you can add On Hover animation on images.</strong>";"odoo19::website"
"<strong>How can you hide the header and/or footer on pages?</strong><br><br>A) You can do this upon activating developer mode.<br>B) You can do this in the website editor, in the Styles tab.<br>C) You can do this in the website editor, in the Blocks tab.";"✅ <strong>Jawaban: B) You can do this in the website editor, in the Styles tab.</strong>";"odoo19::introduction"
"<strong>All products with attribute value 'A' should be priced $50 higher than products with attribute value 'B'. How can you automate this price difference?</strong><br><br>A) By changing the 'Default Extra Price' value in the backend of that attribute.<br>B) In 'Sales Price' on product variants.<br>C) This can only be done with a pricelist.";"✅ <strong>Jawaban: A) By changing the 'Default Extra Price' value in the backend of that attribute.</strong>";"odoo19::introduction"
"<strong>How can you allow customers to order online and then pay in person at your stores?</strong><br><br>A) By enabling the ""Pay in Site"" payment provider.<br>B) By enabling the 'Click & Collect' feature, configuring a picking site, and activating the 'Pay in Site' payment provider.<br>C) By activating the 'Pick-up in Store' feature in the website settings.";"✅ <strong>Jawaban: B) By enabling the 'Click & Collect' feature, configuring a picking site, and activating the 'Pay in Site' payment provider.</strong>";"odoo19::introduction"
"<strong>What other option is there to display a color variant of a product?</strong><br><br>A) A video, a GIF, or a 3D render of the product can be used instead of a color.<br>B) A 3D render of the product color variant can be displayed.<br>C) An image of the product or a GIF can be displayed instead of a color.";"✅ <strong>Jawaban: C) An image of the product or a GIF can be displayed instead of a color.</strong>";"odoo19::introduction"
"<strong>How can you automatically generate a product description?</strong><br><br>A) First, download the AI app and add your API key. Then you can use it to generate a product description.<br>B) In Website > Configuration > Settings, enable ""Generate Product Description Automatically"".<br>C) In the product backend, on the Sales tab, click the generate description button.";"✅ <strong>Jawaban: B) In Website > Configuration > Settings, enable ""Generate Product Description Automatically"".</strong>";"odoo19::introduction"
"<strong>Which of the following powerbox commands are exclusive to Knowledge?</strong><br><br>A) Index, Item Kanban/Cards/List/Calendar<br>B) Separator, Checklist, Quote, Media, Emoji<br>C) Banner Info/Success/Warning/Danger";"✅ <strong>Jawaban: A) Index, Item Kanban/Cards/List/Calendar</strong>";"odoo19::knowledge"
"<strong>What can you do if you accidentally delete an article's section?</strong><br><br>A) Restore the previous version of the article<br>B) Restore the article from the 'Archived' articles<br>C) Restore the article from the 'Trash'";"✅ <strong>Jawaban: A) Restore the previous version of the article</strong>";"odoo19::introduction"
"<strong>What information is not displayed on a project's dashboard?</strong><br><br>A) The project's milestones<br>B) The project's customer ratings<br>C) The project's profitability";"✅ <strong>Jawaban: B) The project's customer ratings</strong>";"odoo19::project"
"<strong>How are the tasks in the ""My Tasks"" pipeline managed?</strong><br><br>A) They are moved automatically across stages based on their deadline<br>B) They are moved automatically across stages based on their next activity's date<br>C) You move them manually across stages";"✅ <strong>Jawaban: C) You move them manually across stages</strong>";"odoo19::crm"
"<strong>What does the blue color represents in the bar at the top of a Kanban stage?</strong><br><br>A) Sub-tasks<br>B) Unassigned tasks<br>C) Task blocked by other tasks";"✅ <strong>Jawaban: C) Task blocked by other tasks</strong>";"odoo19::project"
"<strong>When entering timesheets, how is the timesheet cost generated?</strong><br><br>A) By setting an hourly cost on the employee form<br>B) By setting a cost on the product form<br>C) By setting a timesheet cost on the task form";"✅ <strong>Jawaban: A) By setting an hourly cost on the employee form</strong>";"odoo19::project"
"<strong>What depreciation methods are available for an asset?</strong><br><br>A) Declining, Straight line then Declining, and Straight line.<br>B) Declining, Declining then Straight line, and Straight line.<br>C) Declining, Declining then Straight line, Straight line, and Progressive.";"✅ <strong>Jawaban: B) Declining, Declining then Straight line, and Straight line.</strong>";"odoo19::introduction"
"<strong>What happens if a customer account is managed in a different currency than the company's currency?</strong><br><br>A) The invoice/bill and the journal items are recorded using the account currency.<br>B) The invoice/bill is recorded using the company's currency even if the account is managed in a different currency.<br>C) The invoice/bill is recorded using the account currency but the journal items are set in the company currency.";"✅ <strong>Jawaban: C) The invoice/bill is recorded using the account currency but the journal items are set in the company currency.</strong>";"odoo19::introduction"
"<strong>What happens if a currency is not set on an account in your chart of accounts?</strong><br><br>A) The account can be used for transactions in any currency.<br>B) The account can only be used for transactions in the main company's currency.<br>C) Currency cannot be managed at account level, only at journal level.";"✅ <strong>Jawaban: A) The account can be used for transactions in any currency.</strong>";"odoo19::introduction"
"<strong>How are follow-up actions triggered?</strong><br><br>A) Based on the number of days overdue starting from the creation date of the invoice.<br>B) Based on the number of days overdue starting from the due date of the invoice.<br>C) Based on the number of days overdue starting from the invoice date of the invoice.";"✅ <strong>Jawaban: B) Based on the number of days overdue starting from the due date of the invoice.</strong>";"odoo19::introduction"
"<strong>Which feature allows you to automatically change the income or expense account that a product should use based on the customer or vendor?</strong><br><br>A) Fiscal Positions.<br>B) Fiscal Localizations.<br>C) Account Groups.";"✅ <strong>Jawaban: A) Fiscal Positions.</strong>";"odoo19::purchase"
"<strong>How can you configure payments to create journal entries automatically?</strong><br><br>A) Payments automatically create journal entries by default.<br>B) Enable the ""Auto check on post"" option in the journal that is used to record the payment.<br>C) By adding an outstanding payments/receipts account to the payment method in the journal that is used to record the payment.";"✅ <strong>Jawaban: C) By adding an outstanding payments/receipts account to the payment method in the journal that is used to record the payment.</strong>";"odoo19::accounting"
"<strong>Apart from miscellaneous, what are the different types of journals you can create?</strong><br><br>A) Cash, Bank, Sales, Loan, and Purchase.<br>B) Cash, Bank, Sales, Purchase, and Tax.<br>C) Bank, Cash, Credit card, Sales, and Purchase.";"✅ <strong>Jawaban: C) Bank, Cash, Credit card, Sales, and Purchase.</strong>";"odoo19::accounting"
"<strong>How can an external user access a spreadsheet containing dynamic Odoo data, i.e., formulas that retrieve live data from the database or links to Odoo views?</strong><br><br>A) An external user can only access a spreadsheet containing dynamic Odoo data in read-only mode.<br>B) An external user cannot access a spreadsheet containing dynamic Odoo data.<br>C) An external user who has read-only access can click the 'Request edit access' button.";"✅ <strong>Jawaban: B) An external user cannot access a spreadsheet containing dynamic Odoo data.</strong>";"odoo19::spreadsheet"
"<strong>If you wanted to set a color for ""Sick Time Off"" (as displayed in the dashboard view of the Time Off module), where would you go to do this?</strong><br><br>A) From Configuration > Time Off Types<br>B) From Management > Time Off<br>C) Colors are set by default and are unchangeable";"✅ <strong>Jawaban: A) From Configuration > Time Off Types</strong>";"odoo19::hr"
"<strong>In the Payroll application, what source creates Work Entries?</strong><br><br>A) Working Schedules, Contracts, and Projects<br>B) Working Schedules, Employees, and Time Off<br>C) Working Schedules, Attendance, and Planning";"✅ <strong>Jawaban: C) Working Schedules, Attendance, and Planning</strong>";"odoo19::introduction"
"<strong>How can a user view a job applicant's record without having full access rights to the Recruitment app?</strong><br><br>A) All applicant records are visible, but the Details and Skills tabs are hidden.<br>B) By referring a candidate for a position<br>C) By being added as an Interviewer on either the job position or the applicant's record.";"✅ <strong>Jawaban: C) By being added as an Interviewer on either the job position or the applicant's record.</strong>";"odoo19::hr"
"<strong>What is this screen? (Shows ""Welcome to My Company (San Francisco)"", ""Check in"" button, and a QR code)</strong><br><br>A) A Frontdesk kiosk<br>B) An Attendances kiosk<br>C) A Visitors kiosk";"✅ <strong>Jawaban: B) An Attendances kiosk</strong>";"odoo19::introduction"
"<strong>When configuring bookings, what should you do to enable the selection of existing tables?</strong><br><br>A) Set the 'Assignment' field to 'By visitor'.<br>B) Enable 'Manage Capacities'.<br>C) Set the 'Book' field to 'Resources'.";"✅ <strong>Jawaban: C) Set the 'Book' field to 'Resources'.</strong>";"odoo19::introduction"
"<strong>Is a receipt automatically created when an RFQ is confirmed?</strong><br><br>A) Yes, if the Inventory app is installed<br>B) Yes, if there are some ""Goods""-type products in the RFQ<br>C) Both answers above are true";"✅ <strong>Jawaban: C) Both answers above are true</strong>";"odoo19::purchase"
"<strong>Once you validate a purchase order, is it still possible to add purchase order lines?</strong><br><br>A) Yes, as long as the purchase order is not 'Locked'<br>B) Yes, as long as the purchase order hasn't been sent to the customer<br>C) No, never";"✅ <strong>Jawaban: A) Yes, as long as the purchase order is not 'Locked'</strong>";"odoo19::purchase"
"<strong>During the sales process, you sell a product to your customer and select the 'Dropship' route on the sales order line. What will happen when the sales order is validated?</strong><br><br>A) A delivery order is created, going directly from your supplier to the customer - no purchase order is needed<br>B) A delivery order to your customer will be created. You will order the product from your supplier, receive it, and deliver it to your customer<br>C) A request for quotation will be created for the vendor set on your product. Once validated, a DS operation will be generated to directly send the product from the supplier to your customer";"✅ <strong>Jawaban: C) A request for quotation will be created for the vendor set on your product. Once validated, a DS operation will be generated to directly send the product from the supplier to your customer</strong>";"odoo19::inventory"
"<strong>You've confirmed several purchase orders in Odoo, but some still show the status ""Not Acknowledged."" What does this status indicate, and how can it be updated?</strong><br><br>A) It means the vendor has not yet confirmed they will fulfill the order<br>B) It means the purchase order hasn't been approved internally yet and will update automatically once it's validated by a manager<br>C) It means the vendor rejected the order and it must be canceled or reissued";"✅ <strong>Jawaban: A) It means the vendor has not yet confirmed they will fulfill the order</strong>";"odoo19::purchase"
"<strong>You receive 10 units of a product from a vendor into WH/Stock. In the ""Locations"" report, how do the stock levels change for the Vendor Location and Internal Location?</strong><br><br>A) Vendor Location: +10 units / Internal Location: -10 units<br>B) Vendor Location: -10 units / Internal Location: +10 units<br>C) Both locations increase by +10 units";"✅ <strong>Jawaban: B) Vendor Location: -10 units / Internal Location: +10 units</strong>";"odoo19::inventory"
"<strong>You want a product to be replenished automatically in two warehouses: one via buying and the other via manufacturing. How can this be configured in Odoo?</strong><br><br>A) Create two products (one for each warehouse). For each reordering rule, set the Method to ""Buy"" and the alternative Method to ""Manufacture""<br>B) Create multiple reordering rules for the same product, each linked to a different Warehouse and Route<br>C) Create one reordering rule and assign multiple warehouses to it";"✅ <strong>Jawaban: B) Create multiple reordering rules for the same product, each linked to a different Warehouse and Route</strong>";"odoo19::mrp"
"<strong>You're using the Average Cost valuation method, and the unit cost of a component suddenly increases. Where should you look to identify which stock moves caused the change?</strong><br><br>A) Review the component's receipts under Inventory > Operations > Receipts to check if one vendor price was unusually high<br>B) Open Inventory > Reporting > Stock, locate the component, and click the Unit Cost to see all stock moves that affected its valuation<br>C) Open to Inventory > Reporting > Valuation and expand the grouped by view of products to view the component's stock valuation layers";"✅ <strong>Jawaban: B) Open Inventory > Reporting > Stock, locate the component, and click the Unit Cost to see all stock moves that affected its valuation</strong>";"odoo19::inventory"
"<strong>A product is tracked by lot numbers, and there are three quantities of Lot 123 on hand, each valued at 50, 35, and 35 USD per unit, with 35 USD being the most recently received value. If you perform an inventory adjustment to increase the quantity of Lot 123 from 3 to 5 units, what will be the updated valuation per unit?</strong><br><br>A) 40.0<br>B) 50.0<br>C) 35.0";"✅ <strong>Jawaban: A) 40.0</strong>";"odoo19::inventory"
"<strong>You have 20 units of a table in stock, 10 of which belong to you, and the other 10 belong to Azure Interior. Each table has a cost of $500. What is the total inventory valuation for the 10 units that belong to your company?</strong><br><br>A) 5000.0<br>B) 10000.0<br>C) 500.0";"✅ <strong>Jawaban: A) 5000.0</strong>";"odoo19::inventory"
"<strong>Which of the following best describes the difference between a reservation method and a removal strategy?</strong><br><br>A) A reservation method determines which orders receive available stock first, while a removal strategy determines which specific stock units are used to fulfill those orders<br>B) A reservation method decides how stock is reserved for orders while a removal strategy defines how products move between locations<br>C) A reservation method is required the Lots & Serial Numbers setting to be enabled, while removal strategy requires the Storage Locations setting";"✅ <strong>Jawaban: A) A reservation method determines which orders receive available stock first, while a removal strategy determines which specific stock units are used to fulfill those orders</strong>";"odoo19::introduction"
"<strong>Can a company that uses warehouse locations have two different products with the same serial number stored in separate locations?</strong><br><br>A) Yes<br>B) Yes, but only if the 'Allow Duplicate Lot/Serial Numbers' setting is activated<br>C) No";"✅ <strong>Jawaban: A) Yes</strong>";"odoo19::inventory"
"<strong>How do you configure your BoMs to produce several products at once (A + B = C + D)?</strong><br><br>A) By enabling the 'By-Products' setting, and then specifying by-products on the 'By-products' tab of the BoM<br>B) By creating a separate kit BoM, and adding it as a component to the main BoM<br>C) By defining a by-product on the routing";"✅ <strong>Jawaban: A) By enabling the 'By-Products' setting, and then specifying by-products on the 'By-products' tab of the BoM</strong>";"odoo19::mrp"
"<strong>When are forecasted quantities updated for components used in a manufacturing order?</strong><br><br>A) At confirmation of the manufacturing order<br>B) At the validation of the finished product<br>C) When the manufacturing order is marked as done";"✅ <strong>Jawaban: A) At confirmation of the manufacturing order</strong>";"odoo19::mrp"
"<strong>Can you use a kit as a component in a bill of materials?</strong><br><br>A) Yes<br>B) No<br>C) Only when the 'BoM Kits' setting is enabled";"✅ <strong>Jawaban: A) Yes</strong>";"odoo19::mrp"
"<strong>How can you access an existing PDF report in order to edit it?</strong><br><br>A) Go to Settings app -> Technical -> Reports, then search for the name of the report.<br>B) Open Studio, click Reports, and search for the specific report name or model.<br>C) Use the '/report' command in any view's editor then enter the name of the report.";"✅ <strong>Jawaban: B) Open Studio, click Reports, and search for the specific report name or model.</strong>";"odoo19::introduction"
"<strong>If an automation rule includes both an 'Update Record' action and a 'Send Email' action, and the 'Update Record' action is defined first, what data will the email template use?</strong><br><br>A) The email will use a mixture of the old and new values, requiring a 5-minute delay for consistency.<br>B) The email will always use the original field values before the trigger occurred, regardless of action order.<br>C) The email will use the updated field values, as actions are executed in the order they are defined.";"✅ <strong>Jawaban: C) The email will use the updated field values, as actions are executed in the order they are defined.</strong>";"odoo19::introduction"
"<strong>How can a user enable or disable onboarding tours?</strong><br><br>A) Through the Settings app, under User Preferences, by turning the Show Onboarding Tips option on or off.<br>B) From the user menu, select Preferences > Interface Options, and uncheck Display Onboarding Tours.<br>C) Activate Developer Mode, open the debug menu, then toggle the Onboarding option, or click ""Stop Tour"" on the tour pop-up.";"✅ <strong>Jawaban: C) Activate Developer Mode, open the debug menu, then toggle the Onboarding option, or click ""Stop Tour"" on the tour pop-up.</strong>";"odoo19::introduction"
"<strong>What is the difference between the Discount and Formula Price Types when creating Pricelist Rules?</strong><br><br>A) The Discount type is a simple percentage deduction, while the Formula type can apply complex equations.<br>B) The Discount type applies to all products, while the Formula type can only be applied to specific product categories.<br>C) The Discount type allows you to set a validity period, while the Formula type is applied permanently once created.";"✅ <strong>Jawaban: A) The Discount type is a simple percentage deduction, while the Formula type can apply complex equations.</strong>";"odoo19::sales"
"<strong>Assuming you have enough stock to fulfill an order, what will the scheduled delivery date be when a sales order is confirmed on September 1st -- for a product that has a customer lead time of 5 days, and a security lead time of 2 days?</strong><br><br>A) September 6th<br>B) September 8th<br>C) September 4th";"✅ <strong>Jawaban: A) September 6th</strong>";"odoo19::inventory"
"<strong>When a product has the ""Replenish on Order (MTO)"" checkbox in its Inventory tab checked, a Bill of Materials created, and the Purchase checkbox on its product form is NOT checked, how will Odoo fulfill a sales order that requires replenishment?</strong><br><br>A) When a sales order is confirmed, a Request for Quotation to purchase the product from a vendor will be generated if there is not sufficient inventory for the order<br>B) When a sales order is confirmed, a manufacturing order will be generated if there is not sufficient inventory for the order. The ""Buy"" route is not available.<br>C) When a sales order is confirmed, a delivery order is created, but no other documents are generated because Odoo will expect you to manually create a manufacturing order.";"✅ <strong>Jawaban: B) When a sales order is confirmed, a manufacturing order will be generated if there is not sufficient inventory for the order. The ""Buy"" route is not available.</strong>";"odoo19::mrp"
"<strong>Can any product be used in a sales order?</strong><br><br>A) Yes, all products can be sold.<br>B) No, the product must have the ""Can be Sold"" checkbox checked.<br>C) No, the product must have the ""Available in POS"" checkbox checked under the Sales tab.";"✅ <strong>Jawaban: B) No, the product must have the ""Can be Sold"" checkbox checked.</strong>";"odoo19::sales"
"<strong>A customer is linked to the pricelist 'Retailer.' If you create a quote for this customer, but change the pricelist to 'Consumer' *before* adding products to the quote, what price will be used for the new sale order lines?</strong><br><br>A) A price from the 'Retailer' pricelist.<br>B) A price from the 'Consumer' pricelist.<br>C) The system will ask the user to choose which pricelist to apply.";"✅ <strong>Jawaban: B) A price from the 'Consumer' pricelist.</strong>";"odoo19::sales"
"<strong>When a customer finalizes a purchase in the online store:</strong><br><br>A) Odoo automatically generates a sales order and invoice. The Sales app is not needed for handling online sales.<br>B) Odoo creates a quotation, and the user must manually confirm it into a sales order.<br>C) Odoo automatically generates a sales order, which can then be viewed and managed from the Sales backend.";"✅ <strong>Jawaban: C) Odoo automatically generates a sales order, which can then be viewed and managed from the Sales backend.</strong>";"odoo19::purchase"
"<strong>I've configured a product under 'Sales' and can pull it onto a sales quotation, but it does not appear on my eCommerce shop. Why not?</strong><br><br>A) It needs to be Published on the website first.<br>B) Products created in the Sales app are only available for backend sales. Products for the eCommerce store must be created in the Website app.<br>C) Products cannot be visible on the eCommerce shop if they do not have a positive stock quantity.";"✅ <strong>Jawaban: A) It needs to be Published on the website first.</strong>";"odoo19::sales"
"<strong>How can a survey conclude with a custom message for participants?</strong><br><br>A) Enter a custom message in the Description tab of the survey form.<br>B) Enter a custom message in the Confirmation email settings instead of the survey itself.<br>C) Enter a custom message in the End Message tab of the survey form.";"✅ <strong>Jawaban: C) Enter a custom message in the End Message tab of the survey form.</strong>";"odoo19::survey"
"<strong>Which of the following question types cannot be used to generate leads on a Survey?</strong><br><br>A) Multiple Choice: only one answer.<br>B) Single line text box.<br>C) Matrix.";"✅ <strong>Jawaban: C) Matrix.</strong>";"odoo19::crm"
"<strong>What is the visual effect of setting a high priority on an opportunity?</strong><br><br>A) The opportunity moves to the top of its stage in the Kanban view the next time the pipeline is loaded.<br>B) The opportunity is visually flagged with a priority icon but remains in its current position in the stage.<br>C) The opportunity temporarily appears at the top of the stage until the page is refreshed.";"✅ <strong>Jawaban: A) The opportunity moves to the top of its stage in the Kanban view the next time the pipeline is loaded.</strong>";"odoo19::crm"
"<strong>How many quotations or sales orders can you create from a single opportunity?</strong><br><br>A) Unlimited quotations, but only one sales order.<br>B) As many quotations and sales orders as you want.<br>C) Only one quotation or sales order can be active at a time.";"✅ <strong>Jawaban: B) As many quotations and sales orders as you want.</strong>";"odoo19::sales"
"<strong>Once an opportunity is marked as Won, what can you do with it?</strong><br><br>A) You can no longer edit the opportunity because it is locked.<br>B) All linked quotations are automatically confirmed.<br>C) You can still edit the opportunity.";"✅ <strong>Jawaban: C) You can still edit the opportunity.</strong>";"odoo19::crm"
"<strong>Which of the following factors negatively impacts the AI probability of a lead?</strong><br><br>A) The lead has a valid email address.<br>B) The lead has complete contact information.<br>C) The lead is in a newer stage of the pipeline.";"✅ <strong>Jawaban: C) The lead is in a newer stage of the pipeline.</strong>";"odoo19::crm"
"<strong>When an AI Agent is restricted to Sources, what does that mean?</strong><br><br>A) The agent can only generate text but cannot access tools.<br>B) The agent can only provide answers based on the documents, Knowledge pages, and links defined in its sources.<br>C) The agent will not respond to questions outside the AI app.";"✅ <strong>Jawaban: B) The agent can only provide answers based on the documents, Knowledge pages, and links defined in its sources.</strong>";"odoo19::ai"
"<strong>What is required before an AI Agent can make changes to the Odoo database?</strong><br><br>A) It must be assigned a Topic that includes a Tool allowing database updates, such as Create Lead or Add Tags.<br>B) All agents can make changes to the database by default.<br>C) Agents can make changes to the database unless the Restrict to Sources option is enabled.";"✅ <strong>Jawaban: A) It must be assigned a Topic that includes a Tool allowing database updates, such as Create Lead or Add Tags.</strong>";"odoo19::ai"
"<strong>How can you gather event attendee details, such as ""How did you hear about us?""</strong><br><br>A) With Odoo Studio.<br>B) By sending them an email.<br>C) Adding relevant questions to the Questions tab of an event.";"✅ <strong>Jawaban: C) Adding relevant questions to the Questions tab of an event.</strong>";"odoo19::introduction"
"<strong>How would you automatically communicate information to an event attendee once they register?</strong><br><br>A) Select an email template in the Communication tab of the event, with the trigger ""Before the event starts"".<br>B) Select an email template in the Communication tab of the event, with the trigger ""After each registration"".<br>C) You can only email attendees if they select 'allow emails' on the event registration page.";"✅ <strong>Jawaban: B) Select an email template in the Communication tab of the event, with the trigger ""After each registration"".</strong>";"odoo19::introduction"
"<strong>Which of the following is NOT a valid Marketing Automation activity trigger?</strong><br><br>A) 1 week after an email has bounced.<br>B) 2 days after an email has been forwarded.<br>C) 0 hours after an email has been clicked.";"✅ <strong>Jawaban: B) 2 days after an email has been forwarded.</strong>";"odoo19::introduction"
"<strong>How can you optimize product images on your website?</strong><br><br>A) Upload them from the form view in the backend, where Odoo automatically converts them to the WebP format.<br>B) Upload them from the form view, and click ""Customize"" to resize the image.<br>C) Convert them online then upload them from the frontend of the product page.";"✅ <strong>Jawaban: A) Upload them from the form view in the backend, where Odoo automatically converts them to the WebP format.</strong>";"odoo19::website"
"<strong>How are tags shared between tasks?</strong><br><br>A) Tags are shared between all tasks of a single project<br>B) Tags are shared between all tasks of all projects<br>C) Tags are not shared between tasks";"✅ <strong>Jawaban: B) Tags are shared between all tasks of all projects</strong>";"odoo19::project"
"<strong>What is not carried over from the original task when a recurring task is created?</strong><br><br>A) Tags<br>B) Activities<br>C) Assignees";"✅ <strong>Jawaban: B) Activities</strong>";"odoo19::project"
"<strong>How are project milestones marked as reached?</strong><br><br>A) You mark them as reached manually<br>B) Milestones are automatically marked as reached when all their tasks are marked as done<br>C) Milestones are automatically marked as reached when all the their tasks have been moved to the last Kanban stage";"✅ <strong>Jawaban: A) You mark them as reached manually</strong>";"odoo19::project"
"<strong>What are hours billed at a fixed price?</strong><br><br>A) These are sold hours coming from a sales order that still need to be timesheeted before being invoiced<br>B) These are timesheeted hours linked to a sales order, where the invoicing policy is set to ""prepaid""<br>C) These are the actual timesheeted hours that cannot be invoiced from the sales order";"✅ <strong>Jawaban: B) These are timesheeted hours linked to a sales order, where the invoicing policy is set to ""prepaid""</strong>";"odoo19::introduction"
"<strong>How can you display the rankings on the timesheet leaderboard?</strong><br><br>A) By billing rate and hours invoiced<br>B) By total time and hours invoiced<br>C) By billing rate and total time";"✅ <strong>Jawaban: C) By billing rate and total time</strong>";"odoo19::crm"
"<strong>At which level do you define a billing time target?</strong><br><br>A) At the company level<br>B) At the employee level<br>C) At the project level";"✅ <strong>Jawaban: B) At the employee level</strong>";"odoo19::introduction"
"<strong>Is it possible to still make corrections after the Lock Everything lock date?</strong><br><br>A) No, it represents an absolute block on everything before the date.<br>B) Yes, users with the Adviser role can make corrections using specific tools like the accounting journal, or by cancelling and recreating invoices.<br>C) All users can still make corrections to all types of journal items.";"✅ <strong>Jawaban: A) No, it represents an absolute block on everything before the date.</strong>";"odoo19::pos"
"<strong>How can you register a payment for the full amount of an invoice that uses a payment method with installments?</strong><br><br>A) The only way is to register multiple payments for each installment.<br>B) A single payment can be registered for the full amount directly from the invoice.<br>C) Registering a payment for the full amount will automatically group all installments into one payment record.";"✅ <strong>Jawaban: B) A single payment can be registered for the full amount directly from the invoice.</strong>";"odoo19::accounting"
"<strong>Manually closing a loan will:</strong><br><br>A) Stop the automatic generation of entries for the remaining installments.<br>B) Automatically delete all unposted entries related to the loan.<br>C) Require a manual reconciliation of the outstanding balance.";"✅ <strong>Jawaban: A) Stop the automatic generation of entries for the remaining installments.</strong>";"odoo19::accounting"
"<strong>In the Data menu, what does a warning symbol beside the data source of an inserted list or pivot table mean?</strong><br><br>A) There is a problem preventing the data in the list or pivot table being updated automatically.<br>B) The number of records in the list or pivot table exceeds the maximum allowed, impacting performance.<br>C) There is no list or pivot table related to that data source present in the spreadsheet.";"✅ <strong>Jawaban: C) There is no list or pivot table related to that data source present in the spreadsheet.</strong>";"odoo19::introduction"
"<strong>What is this screen? (Shows ""Welcome to My Company"", ""Check in"", and QR code)</strong><br><br>A) A Frontdesk kiosk<br>B) An Attendances kiosk<br>C) A Visitors kiosk";"✅ <strong>Jawaban: B) An Attendances kiosk</strong>";"odoo19::introduction"
"<strong>Which is NOT a default report available in the Recruitment app?</strong><br><br>A) Application Analysis<br>B) Source Analysis<br>C) Cost Per Hire Analysis";"✅ <strong>Jawaban: C) Cost Per Hire Analysis</strong>";"odoo19::hr"
"<strong>In the Payroll app, where can Pay Runs NOT be created?</strong><br><br>A) The Work Entries dashboard<br>B) The Payslips dashboard<br>C) The Employees dashboard";"✅ <strong>Jawaban: C) The Employees dashboard</strong>";"odoo19::introduction"
"<strong>What are the preconfigured presets for a restaurant?</strong><br><br>A) Delivery, Dine In, and Takeout.<br>B) Pickup, Eat In, and Online delivery.<br>C) Food truck, Restaurant, and Uber.";"✅ <strong>Jawaban: A) Delivery, Dine In, and Takeout.</strong>";"odoo19::pos"
"<strong>When using a Blanket Order, are you able to order more than what was originally specified in the Purchase Agreement?</strong><br><br>A) Yes<br>B) Yes, but only if you are an administrator<br>C) No";"✅ <strong>Jawaban: A) Yes</strong>";"odoo19::purchase"
"<strong>In Odoo, when can a product have multiple reordering rules?</strong><br><br>A) When each rule applies to a different warehouse, location, or route.<br>B) Only when using multiple vendors for the same warehouse<br>C) Never. Each product supports only one rule";"✅ <strong>Jawaban: A) When each rule applies to a different warehouse, location, or route.</strong>";"odoo19::inventory"
"<strong>After confirming a purchase order, what is the purpose of clicking the ""Send PO"" button?</strong><br><br>A) To automatically create a vendor bill based on the confirmed purchase order<br>B) To request internal approval from a user with admin access before the purchase order can be confirmed<br>C) To email the confirmed purchase order to the vendor so they can acknowledge the order and send the vendor bill";"✅ <strong>Jawaban: C) To email the confirmed purchase order to the vendor so they can acknowledge the order and send the vendor bill</strong>";"odoo19::purchase"
"<strong>When creating a new warehouse, configuring which field determines how you'll receive goods?</strong><br><br>A) Buy/Manufacture<br>B) Incoming Shipments<br>C) Routes";"✅ <strong>Jawaban: C) Routes</strong>";"odoo19::inventory"
"<strong>What does 'move entire package' do when activated under the operation types?</strong><br><br>A) When moving a package, all items within that package must be moved together to the new destination.<br>B) Moves entire packages from one warehouse to another.<br>C) When moving a package, a new pack is automatically created at the destination location, and all items are transferred into the new pack.";"✅ <strong>Jawaban: A) When moving a package, all items within that package must be moved together to the new destination.</strong>";"odoo19::introduction"
"<strong>You're reviewing a ""Pack"" operation and want to perform a one-time quality check -- without creating a rule that forces quality checks for all packing operations. How can you do this?</strong><br><br>A) Quality checks cannot be added ad-hoc; you must configure Quality Control Points in the Quality app, locate a location, and create an operation type.<br>B) On the pack operation, click the button to Add an ad-hoc Quality check.<br>C) Create an operation type named ""Quality Check"" and link it to the default packing operation.";"✅ <strong>Jawaban: B) On the pack operation, click the button to Add an ad-hoc Quality check.</strong>";"odoo19::introduction"
"<strong>You create two automatic reordering rules for the same product-one for Warehouse A (Buy route) and one for Warehouse B (Manufacturing route). What happens when stock drops below the minimum in Warehouse B?</strong><br><br>A) Odoo defaults to the Buy route, since Buy is prioritized over Manufacturing.<br>B) Odoo proposes a Buy PO, pending user intervention to specify a different route.<br>C) A proposed manufacturing order is created for the product in Warehouse B.";"✅ <strong>Jawaban: C) A proposed manufacturing order is created for the product in Warehouse B.</strong>";"odoo19::mrp"
"<strong>Two delivery orders are waiting for the same product. Your warehouse uses the ""At Confirmation"" reservation method. Only one delivery can be fulfilled immediately because stock is limited. You decide to star one of the pickings in the Delivery Orders list view. What happens when you check reservations again?</strong><br><br>A) The starred picking gets priority, and the product is reserved for it first.<br>B) The starred picking is fulfilled first only if it has an earlier 'Scheduled Date'.<br>C) Both deliveries remain unreserved until more stock is received.";"✅ <strong>Jawaban: A) The starred picking gets priority, and the product is reserved for it first.</strong>";"odoo19::inventory"
"<strong>You've configured WH/Stock with the LIFO removal strategy. After several deliveries, you notice that items in one product category are being removed FIFO instead. What might cause this?</strong><br><br>A) The product category specifies a removal strategy, which overrides the WH/Stock location removal strategy.<br>B) LIFO is only supported for products tracked by lots/serial numbers; other products fall back to FIFO.<br>C) The products in this category don't have expiration dates, which are required for LIFO.";"✅ <strong>Jawaban: A) The product category specifies a removal strategy, which overrides the WH/Stock location removal strategy.</strong>";"odoo19::inventory"
"<strong>I CANNOT set the capacity on a location by:</strong><br><br>A) Product<br>B) Package Type<br>C) Volume";"✅ <strong>Jawaban: C) Volume</strong>";"odoo19::introduction"
"<strong>You manufacture a product using either standard materials or premium materials. How can this be modeled in Odoo?</strong><br><br>A) Create multiple BoMs for the same product, each with a different component list<br>B) Create a normal product and a premium product, and assign a unique BoM to each<br>C) Create one BoM and change the components manually for each order";"✅ <strong>Jawaban: A) Create multiple BoMs for the same product, each with a different component list</strong>";"odoo19::introduction"
"<strong>Can you define a work order operation without a work center?</strong><br><br>A) Yes, but no work order will be generated<br>B) No, defining a work center is mandatory<br>C) Yes, but only if the 'Work Orders' setting is NOT enabled";"✅ <strong>Jawaban: B) No, defining a work center is mandatory</strong>";"odoo19::mrp"
"<strong>Is it possible to specify product-specific capacities for work centers?</strong><br><br>A) Yes<br>B) No<br>C) No, you must create different work centers";"✅ <strong>Jawaban: A) Yes</strong>";"odoo19::mrp"
"<strong>How do you activate work order dependencies on BoMs?</strong><br><br>A) Work order dependencies are activated by default<br>B) Work order dependencies must be activated from Manufacturing settings<br>C) Work order dependencies must be activated in the Manufacturing settings, as well as on the 'Miscellaneous' tab for each specific BoM";"✅ <strong>Jawaban: C) Work order dependencies must be activated in the Manufacturing settings, as well as on the 'Miscellaneous' tab for each specific BoM</strong>";"odoo19::mrp"
"<strong>How can you ensure users can only choose a year and a month in a date selector, rather than a day?</strong><br><br>A) Set the Date format to Numeric and disable 'Show Day'.<br>B) Set the 'Minimal Precision' field to 'Month' and the 'Maximal Precision' field to 'Year'.<br>C) Enable 'Show Year' and 'Show Month'.";"✅ <strong>Jawaban: C) Enable 'Show Year' and 'Show Month'.</strong>";"odoo19::introduction"
